Имя;Фамилия;Отчество;Дата рождения;Серия паспорта;Номер паспорта;Пол;Место рождения;Паспорт выдан;Дата выдачи;Код подразделения
Aiden;Jimenez;middle;01.03.2002;6349;937170;женский;Vummivme;Lovibce;01.03.2002;162-003
Ralph;Lawson;middle;01.03.2002;4409;776884;мужской;Sulozko;Tedpegir;01.03.2002;162-003
Sam;Hale;middle;01.03.2002;6330;295736;женский;Movowfe;Ocuzessu;01.03.2002;770-001
Laura;McBride;middle;01.03.2002;5993;897635;женский;Jigtechib;Kokohce;01.03.2002;780-002
Luella;Rodriguez;middle;01.03.2002;0207;577921;мужской;Kokebug;Diciku;01.03.2002;770-001
Kenneth;Thompson;middle;01.03.2002;4336;686697;женский;Gicobwew;Kecropuv;01.03.2002;162-003
Henrietta;Barber;middle;01.03.2002;8628;938362;женский;Butumaz;Eficefmi;01.03.2002;770-001
Paul;Rivera;middle;01.03.2002;8313;203965;женский;Muzguju;Kuheppij;01.03.2002;780-002
Jay;Pena;middle;01.03.2002;7943;999596;мужской;Faigful;Arukuika;01.03.2002;780-002
Shane;Sherman;middle;01.03.2002;8780;507592;мужской;Hebwescij;Menobfir;01.03.2002;780-002
Walter;Lynch;middle;01.03.2002;0703;131813;женский;Fipadci;Hecpeevo;01.03.2002;780-002
Pearl;Cohen;middle;01.03.2002;5953;226660;женский;Ewasozcur;Kagumelih;01.03.2002;780-002
Garrett;Francis;middle;01.03.2002;1320;674066;женский;Cozicfoz;Laderi;01.03.2002;770-001
Susan;Andrews;middle;01.03.2002;8235;601200;женский;Zopajudi;Giroznu;01.03.2002;780-002
Jean;Copeland;middle;01.03.2002;3187;542921;женский;Wihwohe;Kaldekot;01.03.2002;780-002
George;Murphy;middle;01.03.2002;5485;095989;женский;Cuhkarnuc;Kacjovun;01.03.2002;780-002
Pearl;Bowen;middle;01.03.2002;3676;555934;женский;Ofsahofa;Hedgomi;01.03.2002;770-001
Mathilda;Cross;middle;01.03.2002;1668;463291;мужской;Elatulih;Epalagce;01.03.2002;770-001
Joe;Vega;middle;01.03.2002;3079;818586;мужской;Duafhac;Pemweta;01.03.2002;780-002
Nathaniel;Harris;middle;01.03.2002;5996;160690;женский;Cejogi;Ketuge;01.03.2002;770-001
Bertie;Rios;middle;01.03.2002;8482;335453;женский;Ohodaped;Veivadum;01.03.2002;162-003
Mittie;Burns;middle;01.03.2002;1706;793793;женский;Tiwsobuk;Izumoari;01.03.2002;162-003
Gene;Stokes;middle;01.03.2002;4205;010721;женский;Kewimi;Ribakibug;01.03.2002;162-003
Gilbert;Morgan;middle;01.03.2002;9430;797339;женский;Podutri;Diagibu;01.03.2002;162-003
Christine;Stone;middle;01.03.2002;3813;197233;женский;Difijode;Asoogewo;01.03.2002;770-001
Polly;Conner;middle;01.03.2002;4645;035938;мужской;Olaataoke;Ewfoge;01.03.2002;780-002
Iva;Griffith;middle;01.03.2002;6457;223260;женский;Hudahi;Viinare;01.03.2002;162-003
Antonio;Berry;middle;01.03.2002;1995;579131;мужской;Otafuoci;Cikinba;01.03.2002;162-003
Nannie;Stanley;middle;01.03.2002;5901;119762;мужской;Lolozira;Bovmadup;01.03.2002;162-003
Floyd;Conner;middle;01.03.2002;8253;132427;мужской;Cimhubev;Jehoppe;01.03.2002;770-001
Addie;Sullivan;middle;01.03.2002;9469;523247;женский;Sujvowmu;Rilzucvi;01.03.2002;770-001
Duane;Nguyen;middle;01.03.2002;2573;506837;мужской;Tomowceb;Doigioj;01.03.2002;780-002
Jeffery;Norris;middle;01.03.2002;0918;050840;женский;Lunedi;Momgizbem;01.03.2002;780-002
Kenneth;White;middle;01.03.2002;3473;786334;женский;Lazlehene;Cavjojo;01.03.2002;770-001
Maria;Harrison;middle;01.03.2002;8029;660838;мужской;Wiripcew;Wisipu;01.03.2002;780-002
Bessie;Hale;middle;01.03.2002;0259;209210;мужской;Jotrowci;Ruvucej;01.03.2002;780-002
Howard;Walker;middle;01.03.2002;6460;954211;женский;Wirati;Dafzelzoc;01.03.2002;770-001
John;Hamilton;middle;01.03.2002;4397;878791;мужской;Desidgo;Dikorel;01.03.2002;780-002
Arthur;Fowler;middle;01.03.2002;4417;098545;мужской;Osmadvan;Cusacovu;01.03.2002;780-002
Lula;Wallace;middle;01.03.2002;2274;509726;женский;Tofumij;Pomoche;01.03.2002;162-003
Gilbert;Mendoza;middle;01.03.2002;2832;357036;женский;Uroujusi;Kadtiad;01.03.2002;162-003
Francis;Keller;middle;01.03.2002;0677;921315;женский;Irehisda;Dokitcet;01.03.2002;780-002
Andrew;Colon;middle;01.03.2002;1380;004349;мужской;Pinicdom;Rifvovnag;01.03.2002;162-003
Timothy;Dixon;middle;01.03.2002;5650;895643;женский;Kuwsiwuba;Bindeciv;01.03.2002;780-002
Joshua;Wilkerson;middle;01.03.2002;7417;172881;женский;Toaciz;Jekvirit;01.03.2002;780-002
Gerald;Ruiz;middle;01.03.2002;4744;288189;мужской;Odketo;Ulzisris;01.03.2002;162-003
Norman;Tate;middle;01.03.2002;5445;905079;мужской;Inoditi;Ovaibuhid;01.03.2002;780-002
Luella;Herrera;middle;01.03.2002;8984;433626;женский;Vuphofneh;Soveklew;01.03.2002;770-001
Nell;Wilkerson;middle;01.03.2002;0684;914391;женский;Wogezobo;Gawvugu;01.03.2002;162-003
Rose;Ramsey;middle;01.03.2002;7247;509272;мужской;Epmece;Lejamap;01.03.2002;780-002
Edwin;Diaz;middle;01.03.2002;0692;445256;мужской;Gobvogbe;Inabisbo;01.03.2002;780-002
Jordan;Price;middle;01.03.2002;3395;397871;женский;Inicuzjuj;Wifalsom;01.03.2002;770-001
Lottie;Bridges;middle;01.03.2002;7872;611966;мужской;Puahmab;Giwhude;01.03.2002;780-002
Ellen;Hawkins;middle;01.03.2002;0588;630478;женский;Onhevduv;Bubwonep;01.03.2002;770-001
Wayne;Stephens;middle;01.03.2002;4832;888470;женский;Sefovmi;Bugezkoz;01.03.2002;780-002
Violet;Chavez;middle;01.03.2002;3949;019872;женский;Ipapotza;Wutaum;01.03.2002;780-002
Jorge;Cobb;middle;01.03.2002;3591;994908;мужской;Lajonmoj;Nopozunun;01.03.2002;780-002
Allen;Newman;middle;01.03.2002;6537;750473;мужской;Mevmuna;Panpavse;01.03.2002;162-003
Lelia;Brady;middle;01.03.2002;4866;868876;мужской;Eserunod;Hihimgul;01.03.2002;770-001
Olive;Schneider;middle;01.03.2002;4069;172580;женский;Watavij;Foodhe;01.03.2002;770-001
Catherine;Joseph;middle;01.03.2002;0231;606370;мужской;Uctudiw;Hareub;01.03.2002;162-003
Herbert;Nelson;middle;01.03.2002;3824;180305;женский;Livmeno;Geesabu;01.03.2002;162-003
Kate;Malone;middle;01.03.2002;6354;254830;женский;Amuomeget;Elefavja;01.03.2002;162-003
Gavin;Thomas;middle;01.03.2002;9279;338554;мужской;Vesuluv;Zoonhe;01.03.2002;770-001
Lela;Norman;middle;01.03.2002;3283;683852;мужской;Opjeag;Ezbeira;01.03.2002;770-001
Vincent;Lowe;middle;01.03.2002;5529;662887;мужской;Tomugbad;Diwarop;01.03.2002;162-003
Rose;Sanders;middle;01.03.2002;3857;954144;мужской;Lovifdim;Ogvacfa;01.03.2002;780-002
Andre;Wells;middle;01.03.2002;7172;361823;женский;Bufovkub;Popazotu;01.03.2002;770-001
Dorothy;Dixon;middle;01.03.2002;5456;554951;мужской;Tuorowu;Madiblaw;01.03.2002;770-001
Carolyn;Martinez;middle;01.03.2002;8653;052341;мужской;Zofemsi;Mirnihbir;01.03.2002;770-001
Daisy;Simon;middle;01.03.2002;9885;159276;женский;Amzapa;Rutpartit;01.03.2002;162-003
Jackson;Barnett;middle;01.03.2002;0565;375181;мужской;Pukire;Ipjosi;01.03.2002;770-001
Randall;Bridges;middle;01.03.2002;9416;822881;женский;Vuwivok;Etopurjof;01.03.2002;162-003
Alex;Moran;middle;01.03.2002;2984;705091;женский;Ketlupkap;Megwone;01.03.2002;162-003
Jeanette;Love;middle;01.03.2002;9250;779945;мужской;Sitevzo;Sarugim;01.03.2002;162-003
Elijah;Guerrero;middle;01.03.2002;5974;189850;женский;Riocmo;Hizurum;01.03.2002;780-002
Kenneth;Rogers;middle;01.03.2002;6614;760503;мужской;Iduamzo;Ziugeni;01.03.2002;770-001
Gertrude;Franklin;middle;01.03.2002;7791;197380;мужской;Bipevu;Fawvipno;01.03.2002;770-001
Bertha;Sparks;middle;01.03.2002;8094;583306;женский;Nawanen;Pilvesa;01.03.2002;780-002
Billy;Soto;middle;01.03.2002;6729;943982;женский;Sietife;Guwopti;01.03.2002;770-001
Glen;Todd;middle;01.03.2002;1500;945789;женский;Nudedeg;Sutonod;01.03.2002;162-003
Lulu;Clarke;middle;01.03.2002;4345;792784;мужской;Kazoroc;Dusficsu;01.03.2002;780-002
Lee;Pena;middle;01.03.2002;9053;804580;мужской;Vitisuazo;Pukaov;01.03.2002;770-001
Stanley;Gill;middle;01.03.2002;9652;475381;женский;Toowuto;Janzaefe;01.03.2002;770-001
Delia;Owens;middle;01.03.2002;8215;726746;женский;Salcuced;Fekejo;01.03.2002;770-001
Brent;Brady;middle;01.03.2002;1106;785103;мужской;Zubcaldac;Vepuhnod;01.03.2002;770-001
Delia;Schneider;middle;01.03.2002;8017;482266;женский;Epwobek;Ijulavfe;01.03.2002;162-003
Ann;Saunders;middle;01.03.2002;5361;697299;женский;Izedacer;Lufabic;01.03.2002;162-003
Caleb;Fisher;middle;01.03.2002;9688;031492;женский;Pemgepma;Alinuhi;01.03.2002;162-003
Chester;Norman;middle;01.03.2002;6031;162877;женский;Ruprovca;Imajozad;01.03.2002;780-002
Hattie;Lopez;middle;01.03.2002;4991;551481;мужской;Runkoznel;Rahpuku;01.03.2002;162-003
Jay;Reynolds;middle;01.03.2002;6361;366061;мужской;Gamanvuf;Alnurfuz;01.03.2002;770-001
Iva;Cooper;middle;01.03.2002;6874;939167;мужской;Furlahza;Ivipefnu;01.03.2002;780-002
Myrtie;Cook;middle;01.03.2002;3013;935453;мужской;Cedujma;Gunlalpi;01.03.2002;770-001
Eugenia;Perez;middle;01.03.2002;8456;911439;мужской;Bizurif;Liwrazih;01.03.2002;780-002
Lloyd;Owens;middle;01.03.2002;4455;824832;женский;Muumcuf;Hocitse;01.03.2002;162-003
Owen;Wong;middle;01.03.2002;8414;779452;мужской;Hedwicfol;Fivluse;01.03.2002;780-002
Celia;Simpson;middle;01.03.2002;6777;997228;женский;Hajekoj;Sulobjo;01.03.2002;162-003
Hilda;Morton;middle;01.03.2002;1875;143126;мужской;Nelsismeh;Omgeib;01.03.2002;162-003
Ollie;Burgess;middle;01.03.2002;6686;592250;мужской;Capilfi;Vibeci;01.03.2002;162-003
Anthony;Hill;middle;01.03.2002;0536;691556;мужской;Becidoab;Lidefhun;01.03.2002;162-003
Robert;Park;middle;01.03.2002;8075;915489;женский;Pejipelu;Vovazup;01.03.2002;780-002
Devin;Myers;middle;01.03.2002;0733;786612;мужской;Melcumfu;Cafsarvu;01.03.2002;770-001
Joel;Dixon;middle;01.03.2002;5563;965990;женский;Hajieju;Cevresgi;01.03.2002;770-001
Lucy;Hawkins;middle;01.03.2002;1759;126860;женский;Demazfe;Gimufo;01.03.2002;162-003
Alfred;Mathis;middle;01.03.2002;4431;739257;женский;Vidumege;Hepzibfaw;01.03.2002;770-001
Lucinda;Berry;middle;01.03.2002;1759;608220;мужской;Sobiddun;Bopfumen;01.03.2002;780-002
Harvey;Ryan;middle;01.03.2002;5081;198299;мужской;Ukedecot;Zovnefip;01.03.2002;162-003
Jayden;Figueroa;middle;01.03.2002;7616;117764;мужской;Juokhiz;Akopubac;01.03.2002;162-003
Sophie;Massey;middle;01.03.2002;5640;437040;мужской;Zifriib;Tepizpe;01.03.2002;162-003
Blanche;Torres;middle;01.03.2002;0868;862706;женский;Nofoscoc;Vabinez;01.03.2002;162-003
Wayne;Carson;middle;01.03.2002;4153;651811;женский;Awaawka;Mujovge;01.03.2002;162-003
Lenora;Garza;middle;01.03.2002;1039;193388;мужской;Ragmujdul;Ziupezik;01.03.2002;780-002
Ethan;Moody;middle;01.03.2002;1899;122934;женский;Deukuce;Biseghu;01.03.2002;162-003
Rosalie;Steele;middle;01.03.2002;5011;544593;женский;Uwivizdu;Vawetut;01.03.2002;770-001
Dominic;Sutton;middle;01.03.2002;3682;931314;мужской;Zetatho;Jibmehic;01.03.2002;162-003
Mamie;Byrd;middle;01.03.2002;6010;227739;мужской;Saavjah;Waekuvit;01.03.2002;162-003
Rhoda;Summers;middle;01.03.2002;7015;662953;мужской;Hoclizihi;Tiktebli;01.03.2002;780-002
Julian;Watson;middle;01.03.2002;1792;354032;мужской;Nafuwzem;Bonbivci;01.03.2002;780-002
Sophia;Ryan;middle;01.03.2002;3312;340337;мужской;Mewgissu;Ronlihu;01.03.2002;770-001
Derek;Wells;middle;01.03.2002;0968;021956;женский;Ucjuiho;Sefvaruh;01.03.2002;770-001
Isaac;Curry;middle;01.03.2002;2649;780968;женский;Famlilmic;Siozro;01.03.2002;162-003
Lura;Bowers;middle;01.03.2002;2636;718653;мужской;Ejafesbi;Olimurbad;01.03.2002;770-001
Katherine;Ross;middle;01.03.2002;4269;335607;женский;Ozgupfin;Tibguzop;01.03.2002;162-003
Wayne;Sanders;middle;01.03.2002;9961;272758;женский;Luzudkaw;Ovaosgil;01.03.2002;162-003
Travis;Patrick;middle;01.03.2002;1963;325988;женский;Fahoahu;Nukovout;01.03.2002;780-002
Cecilia;Goodman;middle;01.03.2002;2058;265310;мужской;Gerdega;Igotawu;01.03.2002;162-003
Bruce;Wade;middle;01.03.2002;6574;645438;мужской;Aseerla;Fizefaz;01.03.2002;780-002
Jay;Pope;middle;01.03.2002;7282;921208;мужской;Himtawar;Avajacoz;01.03.2002;162-003
Donald;Walters;middle;01.03.2002;8266;140363;мужской;Degiizi;Napwocuv;01.03.2002;162-003
Oscar;Price;middle;01.03.2002;2724;232262;женский;Pukzipfi;Azuhuse;01.03.2002;780-002
Gavin;Carlson;middle;01.03.2002;3814;673276;женский;Tucjolpej;Wopeztiv;01.03.2002;162-003
Noah;Hubbard;middle;01.03.2002;9737;424764;мужской;Donumoah;Ravojib;01.03.2002;770-001
Bernice;Carter;middle;01.03.2002;3321;152104;мужской;Aherokko;Gasowde;01.03.2002;770-001
Olga;Larson;middle;01.03.2002;4677;893810;женский;Vosowva;Posita;01.03.2002;162-003
Cecelia;McLaughlin;middle;01.03.2002;5427;141106;мужской;Lebapva;Ruvutaofi;01.03.2002;770-001
Glenn;Rivera;middle;01.03.2002;2457;419014;женский;Tihosaor;Motumja;01.03.2002;162-003
Bettie;Lawrence;middle;01.03.2002;4237;178807;женский;Hirutod;Vadazug;01.03.2002;162-003
Bobby;Jenkins;middle;01.03.2002;9809;008797;мужской;Hasobli;Dazegro;01.03.2002;770-001
Timothy;Castro;middle;01.03.2002;1712;694744;женский;Uteuwasak;Jihoro;01.03.2002;162-003
Willie;Moreno;middle;01.03.2002;5594;224165;мужской;Hawiaw;Lahkenim;01.03.2002;770-001
Gary;Saunders;middle;01.03.2002;7213;009156;женский;Cazobih;Tasude;01.03.2002;162-003
Bradley;Murphy;middle;01.03.2002;4694;269686;мужской;Zabgippu;Sidrivjaz;01.03.2002;770-001
Francis;Adams;middle;01.03.2002;0797;007605;женский;Padjurpon;Biuwaiw;01.03.2002;770-001
Emily;Thomas;middle;01.03.2002;5120;431826;мужской;Kepzewda;Ugasagi;01.03.2002;162-003
Abbie;McKinney;middle;01.03.2002;9036;381483;мужской;Cutgeepo;Janezegi;01.03.2002;780-002
Sadie;Sparks;middle;01.03.2002;2263;630664;женский;Abenudo;Riakufi;01.03.2002;770-001
Marguerite;Kelley;middle;01.03.2002;2143;947240;мужской;Funhafji;Upimijesi;01.03.2002;780-002
Marc;Jensen;middle;01.03.2002;2988;394120;женский;Tujopegu;Okiwwin;01.03.2002;770-001
Delia;Gonzales;middle;01.03.2002;9692;367237;женский;Devevodu;Vocmefmoc;01.03.2002;162-003
Georgia;Strickland;middle;01.03.2002;3053;679381;женский;Heowehit;Hifevwa;01.03.2002;780-002
Phillip;Clayton;middle;01.03.2002;2935;647071;мужской;Zaaruro;Jegsaruv;01.03.2002;780-002
Austin;Hardy;middle;01.03.2002;0325;930015;мужской;Iwfettoz;Ipefinze;01.03.2002;780-002
Jackson;Sherman;middle;01.03.2002;2274;241042;мужской;Mesaig;Ziaveic;01.03.2002;780-002
Travis;Logan;middle;01.03.2002;5166;052080;женский;Ebuwuvzaj;Zekeze;01.03.2002;770-001
Theodore;Anderson;middle;01.03.2002;0088;751965;женский;Jawzadem;Nahilarec;01.03.2002;780-002
Zachary;Terry;middle;01.03.2002;4687;530721;мужской;Ledaku;Hawholtu;01.03.2002;780-002
Jonathan;Steele;middle;01.03.2002;2651;415017;женский;Onlutnok;Awihahun;01.03.2002;780-002
Hattie;Price;middle;01.03.2002;3839;039475;мужской;Zuztajiv;Gucemnib;01.03.2002;770-001
Leah;Hall;middle;01.03.2002;4722;645327;женский;Nevana;Aselive;01.03.2002;780-002
Johanna;Hubbard;middle;01.03.2002;0803;996313;женский;Zurkogu;Abgogga;01.03.2002;780-002
Cory;Jackson;middle;01.03.2002;5703;629278;женский;Bombivsu;Vahuno;01.03.2002;162-003
Arthur;Valdez;middle;01.03.2002;3217;239616;мужской;Ziknafono;Sezelaf;01.03.2002;162-003
Jay;Anderson;middle;01.03.2002;7087;993554;женский;Cilosmac;Manolhek;01.03.2002;162-003
Francis;Gray;middle;01.03.2002;4306;737862;мужской;Tipruhsu;Wippipgi;01.03.2002;770-001
Myrtle;Freeman;middle;01.03.2002;3790;427956;женский;Rawehsar;Gijfeku;01.03.2002;162-003
Eula;Edwards;middle;01.03.2002;2604;604791;мужской;Wedvula;Omitahat;01.03.2002;770-001
Rosalie;Doyle;middle;01.03.2002;6778;223428;женский;Vufapsu;Ledocub;01.03.2002;162-003
Jason;Wilkins;middle;01.03.2002;6275;979371;женский;Awfeida;Migecur;01.03.2002;770-001
Barbara;Doyle;middle;01.03.2002;1297;506543;мужской;Javzecum;Diraro;01.03.2002;162-003
Beulah;Harmon;middle;01.03.2002;2636;559589;женский;Dukageegi;Polagiwa;01.03.2002;780-002
Edwin;McCarthy;middle;01.03.2002;7085;668867;женский;Mosotmor;Legtegmus;01.03.2002;770-001
Maria;Dunn;middle;01.03.2002;5456;793451;женский;Juvbacdec;Jajhivsok;01.03.2002;780-002
Maurice;Ball;middle;01.03.2002;3306;184180;женский;Gurwiaci;Silziaka;01.03.2002;780-002
George;James;middle;01.03.2002;0456;390958;женский;Ohlahop;Lejnagis;01.03.2002;780-002
Lura;Fernandez;middle;01.03.2002;6275;428966;женский;Ahvomuv;Tubfoti;01.03.2002;162-003
Johanna;Hardy;middle;01.03.2002;8233;846683;мужской;Pogormil;Riigige;01.03.2002;770-001
Olivia;Stone;middle;01.03.2002;2968;830403;женский;Odeniziw;Lapnasfu;01.03.2002;770-001
Clayton;Nguyen;middle;01.03.2002;7579;861126;мужской;Ihdogfo;Cahmejuno;01.03.2002;770-001
Hulda;Love;middle;01.03.2002;2963;402426;мужской;Dipajbi;Cotebned;01.03.2002;162-003
Derrick;Garrett;middle;01.03.2002;9134;443271;мужской;Pafalwi;Fekulabah;01.03.2002;162-003
Lucille;Reeves;middle;01.03.2002;7172;600756;мужской;Pezbabap;Tasofjow;01.03.2002;770-001
Frederick;Sharp;middle;01.03.2002;4285;897474;мужской;Waoghop;Nompivhip;01.03.2002;162-003
Linnie;Gardner;middle;01.03.2002;7176;274048;женский;Pekunude;Efaorohug;01.03.2002;162-003
Nathan;Becker;middle;01.03.2002;1462;882197;мужской;Dudhotec;Acacuse;01.03.2002;162-003
Bettie;Santiago;middle;01.03.2002;8465;168470;женский;Danvoipo;Cekdoic;01.03.2002;162-003
Cornelia;Mann;middle;01.03.2002;0948;627658;мужской;Edejofhaf;Ziredsa;01.03.2002;780-002
Nettie;Lee;middle;01.03.2002;4432;272225;женский;Bemduhtal;Fenobop;01.03.2002;780-002
Andre;Morton;middle;01.03.2002;0308;300324;мужской;Gimitji;Oruvupbi;01.03.2002;780-002
Emma;Underwood;middle;01.03.2002;8985;241245;мужской;Sidvisah;Niwerokus;01.03.2002;770-001
Flora;Clarke;middle;01.03.2002;4667;291317;мужской;Naipiz;Ilhivim;01.03.2002;162-003
Katherine;Robbins;middle;01.03.2002;9559;012162;мужской;Newligav;Zamuhsu;01.03.2002;770-001
Calvin;Marshall;middle;01.03.2002;5806;970794;мужской;Ibkaza;Cucusti;01.03.2002;770-001
Thomas;Rios;middle;01.03.2002;7925;957536;женский;Wucuksot;Fomfowdew;01.03.2002;780-002
Charlie;Moody;middle;01.03.2002;6842;218373;женский;Nugdurug;Dozovi;01.03.2002;780-002
Leah;Stewart;middle;01.03.2002;7085;575118;мужской;Lakokac;Mukzumtev;01.03.2002;162-003
Joseph;Barton;middle;01.03.2002;2434;394058;мужской;Ilrower;Athuba;01.03.2002;770-001
Andrew;Walters;middle;01.03.2002;1550;902215;мужской;Cejnilfat;Bulkodan;01.03.2002;770-001
Joshua;Jefferson;middle;01.03.2002;4725;800164;женский;Gocgefo;Aflecuku;01.03.2002;780-002
Jose;Sharp;middle;01.03.2002;0220;442140;женский;Kivtestem;Futalkik;01.03.2002;780-002
Franklin;Rhodes;middle;01.03.2002;6995;428018;женский;Ehineno;Kahoegi;01.03.2002;780-002
Mike;Butler;middle;01.03.2002;2020;037412;женский;Obidasid;Apecuiv;01.03.2002;780-002
Georgia;Reese;middle;01.03.2002;8863;576212;мужской;Fuizde;Suviweesi;01.03.2002;162-003
Allie;Collier;middle;01.03.2002;4534;402093;мужской;Ducfonod;Gogupsek;01.03.2002;770-001
Katharine;Perkins;middle;01.03.2002;2214;209995;женский;Gaasoit;Lasekav;01.03.2002;770-001
Jordan;Rodriquez;middle;01.03.2002;0459;566439;мужской;Mihsisme;Fobadsun;01.03.2002;780-002
Ruby;Frank;middle;01.03.2002;7474;898741;мужской;Ucufeefu;Homcege;01.03.2002;162-003
Olive;Perkins;middle;01.03.2002;7819;838857;мужской;Dewgahu;Baniosa;01.03.2002;770-001
Barbara;Guerrero;middle;01.03.2002;0611;486369;женский;Sidiba;Fuowote;01.03.2002;780-002
Janie;Hughes;middle;01.03.2002;0759;503578;мужской;Mefgeel;Zaevehig;01.03.2002;780-002
Maude;Goodman;middle;01.03.2002;1571;483966;женский;Lawneori;Zekvapez;01.03.2002;780-002
James;Conner;middle;01.03.2002;2111;459028;мужской;Witisob;Feedapet;01.03.2002;780-002
Nell;Frazier;middle;01.03.2002;2600;357077;женский;Zegkuha;Toctohgob;01.03.2002;162-003
Ina;Joseph;middle;01.03.2002;3163;423602;мужской;Lejinok;Hoggacul;01.03.2002;770-001
Charlotte;Nunez;middle;01.03.2002;2627;091627;мужской;Jogsegpu;Jawowbat;01.03.2002;780-002
John;Hill;middle;01.03.2002;2582;251375;женский;Gakfadnac;Soibke;01.03.2002;770-001
Jordan;Swanson;middle;01.03.2002;3545;152963;женский;Masivek;Pukrutaku;01.03.2002;770-001
Francis;Ballard;middle;01.03.2002;0439;880134;женский;Nibmenuk;Jasafide;01.03.2002;770-001
Anthony;Martinez;middle;01.03.2002;1253;790713;женский;Sabsiwosi;Ripabuj;01.03.2002;162-003
Belle;McGuire;middle;01.03.2002;0632;811338;мужской;Hetokupat;Coteptik;01.03.2002;162-003
Andrew;Cook;middle;01.03.2002;2181;702304;женский;Duzzofmat;Atolufom;01.03.2002;780-002
Tom;Austin;middle;01.03.2002;2591;417443;мужской;Tesukvi;Nemiag;01.03.2002;780-002
Lilly;Williams;middle;01.03.2002;4208;001376;мужской;Huuglo;Zosbaswen;01.03.2002;770-001
Michael;Hammond;middle;01.03.2002;9857;420429;мужской;Rolseczo;Marekop;01.03.2002;162-003
Janie;Cunningham;middle;01.03.2002;7959;617384;мужской;Pihketfi;Ipsapu;01.03.2002;162-003
Seth;Hayes;middle;01.03.2002;4217;353443;женский;Repeim;Usowattik;01.03.2002;162-003
Rodney;Holmes;middle;01.03.2002;7096;189120;женский;Kurzaro;Wohazokok;01.03.2002;780-002
Winifred;Cooper;middle;01.03.2002;2185;704489;мужской;Refutoze;Foelwa;01.03.2002;780-002
Marcus;Pope;middle;01.03.2002;6070;809408;мужской;Ruwpejor;Oborena;01.03.2002;780-002
Stella;Moore;middle;01.03.2002;4350;474402;женский;Naufuce;Ehescu;01.03.2002;162-003
Elsie;Pena;middle;01.03.2002;6933;628242;женский;Agapadij;Bubiwla;01.03.2002;780-002
Hallie;Love;middle;01.03.2002;7427;524596;мужской;Urhein;Elotale;01.03.2002;162-003
Noah;Wong;middle;01.03.2002;9862;461813;женский;Ecemojdi;Hanpedov;01.03.2002;770-001
Augusta;Watkins;middle;01.03.2002;9978;020050;женский;Kuwvaro;Haubomaj;01.03.2002;162-003
Sara;Roberson;middle;01.03.2002;7183;680490;женский;Kacembo;Jofiva;01.03.2002;780-002
Fanny;Lucas;middle;01.03.2002;2734;264946;женский;Pivubopo;Ajripe;01.03.2002;770-001
Birdie;Shelton;middle;01.03.2002;4794;742993;женский;Apohupol;Noivcuw;01.03.2002;162-003
Olga;Lambert;middle;01.03.2002;7651;503932;женский;Butopaw;Vifecid;01.03.2002;162-003
Chester;Bryant;middle;01.03.2002;3874;117608;мужской;Vovbimir;Ihavipof;01.03.2002;780-002
Earl;Edwards;middle;01.03.2002;1480;544955;мужской;Opupaag;Cudnasi;01.03.2002;162-003
Harvey;Howell;middle;01.03.2002;9237;818408;женский;Vabarje;Satofuk;01.03.2002;780-002
Birdie;Peters;middle;01.03.2002;3421;584253;женский;Lojosi;Rumopkoj;01.03.2002;162-003
Nell;Allen;middle;01.03.2002;8520;917668;женский;Toloek;Juepjoh;01.03.2002;780-002
Kate;Hayes;middle;01.03.2002;9328;537359;мужской;Iwahudes;Rupbofcej;01.03.2002;780-002
Pearl;Smith;middle;01.03.2002;5334;160963;мужской;Cujitemu;Jarufi;01.03.2002;162-003
Lee;McDaniel;middle;01.03.2002;1181;279787;женский;Awiijaih;Culase;01.03.2002;780-002
Zachary;Pena;middle;01.03.2002;5067;725228;женский;Tispote;Mavlucbej;01.03.2002;770-001
Millie;Copeland;middle;01.03.2002;9057;631199;женский;Acoicafe;Mohuzab;01.03.2002;770-001
Roxie;Pope;middle;01.03.2002;4121;650581;женский;Vosilohe;Awdawvi;01.03.2002;770-001
Landon;Waters;middle;01.03.2002;9076;429410;женский;Zapahauro;Zietob;01.03.2002;162-003
Harriett;Patterson;middle;01.03.2002;4713;312346;женский;Fiodgok;Hijakko;01.03.2002;162-003
Winnie;Lowe;middle;01.03.2002;3847;696281;женский;Wiphubeli;Ohvavlu;01.03.2002;780-002
Katherine;Day;middle;01.03.2002;1162;620849;женский;Zecusku;Fuvcogsa;01.03.2002;780-002
Roxie;Mann;middle;01.03.2002;1990;903095;женский;Jazulaw;Otsohor;01.03.2002;780-002
Carolyn;Washington;middle;01.03.2002;1796;822982;женский;Tusduje;Tohusi;01.03.2002;780-002
Larry;Nguyen;middle;01.03.2002;7995;933184;женский;Tobemu;Devonakac;01.03.2002;162-003
Katie;Santos;middle;01.03.2002;9617;177765;женский;Cetavuku;Pewjago;01.03.2002;780-002
Jose;Santos;middle;01.03.2002;1633;384832;мужской;Zibebot;Hoseci;01.03.2002;780-002
Milton;Logan;middle;01.03.2002;4137;695587;женский;Ujacogno;Pedgebfa;01.03.2002;162-003
Pauline;Henry;middle;01.03.2002;0478;263833;мужской;Cekanor;Kuepsos;01.03.2002;162-003
Estelle;Atkins;middle;01.03.2002;1154;541245;женский;Evnusid;Turusgaj;01.03.2002;770-001
Bess;Richards;middle;01.03.2002;3780;779333;женский;Teuzju;Isakota;01.03.2002;780-002
Gavin;Figueroa;middle;01.03.2002;9040;116911;мужской;Ifiajoji;Fabgupuv;01.03.2002;770-001
Minerva;Mendez;middle;01.03.2002;2053;371294;мужской;Efjazob;Jejleril;01.03.2002;770-001
Alma;Harrison;middle;01.03.2002;1986;363460;мужской;Bazitpec;Toikpi;01.03.2002;780-002
Franklin;Farmer;middle;01.03.2002;7582;556667;мужской;Kutefna;Geefbu;01.03.2002;162-003
Joe;Bailey;middle;01.03.2002;0121;265809;женский;Haziksek;Uddeamu;01.03.2002;162-003
Leah;Phillips;middle;01.03.2002;6959;533378;женский;Witnocdik;Duweroku;01.03.2002;770-001
Isabelle;Weaver;middle;01.03.2002;9921;046653;женский;Zoanobaj;Ejoidocug;01.03.2002;780-002
Maude;Holland;middle;01.03.2002;9549;826626;женский;Rosuleh;Ejlighin;01.03.2002;770-001
Mildred;Beck;middle;01.03.2002;9319;391130;мужской;Camgurat;Pugruhaw;01.03.2002;780-002
Bryan;Hawkins;middle;01.03.2002;2828;921162;женский;Mahirow;Mejesup;01.03.2002;770-001
Margaret;Garrett;middle;01.03.2002;9048;498969;женский;Mafreus;Lutora;01.03.2002;780-002
Ian;Glover;middle;01.03.2002;5790;064613;женский;Melcidmi;Mersebam;01.03.2002;770-001
Viola;Johnston;middle;01.03.2002;6415;939227;женский;Uwakiola;Bocujowi;01.03.2002;770-001
Lloyd;Reynolds;middle;01.03.2002;1091;552486;женский;Tojjiga;Opugefab;01.03.2002;780-002
Harriett;Swanson;middle;01.03.2002;6953;264208;женский;Nemuspaj;Neghine;01.03.2002;780-002
Lucy;Hammond;middle;01.03.2002;3943;256223;женский;Ruosovu;Gutputga;01.03.2002;162-003
George;Morton;middle;01.03.2002;1458;177121;мужской;Jiwkemefe;Dalideg;01.03.2002;780-002
Wesley;Bennett;middle;01.03.2002;5061;945812;мужской;Vivuhfor;Taancad;01.03.2002;780-002
Cornelia;Hoffman;middle;01.03.2002;6822;536487;мужской;Camivaile;Davcihe;01.03.2002;780-002
Rena;Torres;middle;01.03.2002;8413;088955;мужской;Jutoznez;Cejgope;01.03.2002;780-002
Jerome;Garrett;middle;01.03.2002;1074;749939;женский;Nigejgi;Rikzukbi;01.03.2002;780-002
Scott;Schultz;middle;01.03.2002;6399;587191;мужской;Utodiivo;Tukdupro;01.03.2002;780-002
Bill;Perez;middle;01.03.2002;1469;357044;женский;Nedohvil;Venzepji;01.03.2002;162-003
Rosetta;Caldwell;middle;01.03.2002;2290;705477;женский;Wiheumi;Zasear;01.03.2002;162-003
Mattie;Sanders;middle;01.03.2002;1094;629864;мужской;Etwohi;Apuceuve;01.03.2002;780-002
Addie;Love;middle;01.03.2002;9491;053171;мужской;Siceja;Nanijke;01.03.2002;770-001
Brett;Hudson;middle;01.03.2002;1632;380692;мужской;Vijwapuha;Homojak;01.03.2002;780-002
Ruth;Frazier;middle;01.03.2002;1823;424894;женский;Ulidemij;Lerunu;01.03.2002;162-003
Olga;Garner;middle;01.03.2002;7085;961302;мужской;Utlatgo;Duseebo;01.03.2002;770-001
James;Watson;middle;01.03.2002;5702;888773;мужской;Elwezup;Miunhuh;01.03.2002;162-003
Victoria;Palmer;middle;01.03.2002;7839;071106;мужской;Buocri;Athahmep;01.03.2002;780-002
Beatrice;Collins;middle;01.03.2002;2100;006889;женский;Faczupmot;Funwoki;01.03.2002;770-001
Jennie;Rhodes;middle;01.03.2002;2001;894852;женский;Dajiso;Nusdaviw;01.03.2002;780-002
Olga;Gibbs;middle;01.03.2002;8143;992071;мужской;Jicusema;Baglugi;01.03.2002;162-003
Herman;Greene;middle;01.03.2002;7926;782625;мужской;Jerulmip;Luadli;01.03.2002;770-001
Tommy;Hart;middle;01.03.2002;3169;497386;мужской;Gopgecug;Orlujza;01.03.2002;162-003
Larry;Holt;middle;01.03.2002;8526;516416;мужской;Tiwsuto;Rebitlal;01.03.2002;770-001
Ida;Jimenez;middle;01.03.2002;6268;783015;мужской;Voctelem;Atwine;01.03.2002;162-003
Dorothy;Hubbard;middle;01.03.2002;5451;866493;мужской;Kobucola;Focrecum;01.03.2002;162-003
Caleb;Lamb;middle;01.03.2002;5298;666142;мужской;Reftauz;Govmusu;01.03.2002;162-003
Sylvia;Neal;middle;01.03.2002;7844;080015;мужской;Bezekzut;Nahuvofe;01.03.2002;162-003
Leona;Wilkins;middle;01.03.2002;0611;921990;мужской;Akkulus;Ezogeigu;01.03.2002;770-001
Peter;Kennedy;middle;01.03.2002;8420;420431;женский;Emunalda;Butcitote;01.03.2002;780-002
Tyler;Higgins;middle;01.03.2002;7784;838241;мужской;Vufujof;Acedalej;01.03.2002;162-003
Chase;Richards;middle;01.03.2002;6526;310433;мужской;Coduhiul;Kevafvet;01.03.2002;162-003
Tony;Moreno;middle;01.03.2002;3852;346692;мужской;Icpooc;Romopwen;01.03.2002;162-003
Jim;Cross;middle;01.03.2002;0274;613353;мужской;Vanzuzi;Dezfinaz;01.03.2002;770-001
Jeremiah;Atkins;middle;01.03.2002;1328;424032;мужской;Pihfeuz;Pewerlo;01.03.2002;162-003
Louis;Brown;middle;01.03.2002;2751;293331;женский;Delevwo;Zuigipof;01.03.2002;770-001
Bryan;Vega;middle;01.03.2002;4243;987928;мужской;Wiwfelbej;Vakwegzot;01.03.2002;780-002
Lena;Strickland;middle;01.03.2002;5773;152965;мужской;Jamihevu;Cadfokcut;01.03.2002;780-002
Francisco;Mason;middle;01.03.2002;9338;018602;женский;Cocedwen;Biopbus;01.03.2002;780-002
Franklin;Malone;middle;01.03.2002;7420;635558;женский;Jafugifo;Rakhabi;01.03.2002;162-003
Sylvia;Andrews;middle;01.03.2002;0123;257560;женский;Votuvu;Imsotla;01.03.2002;780-002
Anne;Douglas;middle;01.03.2002;4804;993481;мужской;Pivdeje;Katfuclit;01.03.2002;780-002
Earl;Jackson;middle;01.03.2002;9820;115408;мужской;Gaamila;Amelokoc;01.03.2002;770-001
Tony;Lane;middle;01.03.2002;2205;849691;мужской;Tecopudo;Untezpiz;01.03.2002;780-002
Dean;Rowe;middle;01.03.2002;9184;503180;мужской;Rahherle;Ahifucti;01.03.2002;780-002
Alexander;Waters;middle;01.03.2002;6734;254072;женский;Vovitfun;Ciutulu;01.03.2002;780-002
Allen;Castillo;middle;01.03.2002;0590;533662;мужской;Roomke;Efjocu;01.03.2002;162-003
Gavin;Beck;middle;01.03.2002;8411;836735;мужской;Pepekhip;Acafuvo;01.03.2002;780-002
Carrie;Manning;middle;01.03.2002;4914;452984;женский;Unouboun;Tapdorte;01.03.2002;780-002
Francisco;Cole;middle;01.03.2002;9189;926675;мужской;Seohonac;Lolukoec;01.03.2002;162-003
Jeffrey;Walton;middle;01.03.2002;3064;689176;женский;Urojupzi;Jijkodub;01.03.2002;162-003
Beulah;Glover;middle;01.03.2002;9635;174959;женский;Betasas;Eweuzuha;01.03.2002;162-003
Donald;Martin;middle;01.03.2002;7169;590544;женский;Jalgohvu;Zubjagi;01.03.2002;770-001
Louisa;Holmes;middle;01.03.2002;9169;328230;мужской;Suerde;Sapamse;01.03.2002;780-002
Kate;Ortega;middle;01.03.2002;4755;528953;женский;Redcicot;Cipciho;01.03.2002;770-001
Sara;Byrd;middle;01.03.2002;3774;504656;женский;Hipneve;Bizrazi;01.03.2002;770-001
Ruth;Huff;middle;01.03.2002;1936;564761;мужской;Kudsavub;Utulorte;01.03.2002;780-002
Herbert;Rhodes;middle;01.03.2002;5659;455971;мужской;Gamoptej;Goeghoz;01.03.2002;770-001
Jeffery;Ryan;middle;01.03.2002;2709;915405;мужской;Ruthusa;Ejecvej;01.03.2002;162-003
Ina;Silva;middle;01.03.2002;5270;546608;женский;Rilpecmig;Lidtaado;01.03.2002;770-001
Lola;Figueroa;middle;01.03.2002;7305;919661;мужской;Vecpubcuw;Piirwe;01.03.2002;770-001
Cameron;Schneider;middle;01.03.2002;2109;730315;женский;Lowkowfo;Emuzakho;01.03.2002;780-002
Charles;Campbell;middle;01.03.2002;6137;852502;мужской;Mekjumsob;Dizrowno;01.03.2002;780-002
Jeremiah;Atkins;middle;01.03.2002;9666;269428;мужской;Neabfo;Ejpietu;01.03.2002;780-002
Bernard;Swanson;middle;01.03.2002;4975;002187;женский;Zacunkom;Muffonuj;01.03.2002;770-001
Jayden;Burton;middle;01.03.2002;9355;230762;мужской;Obkate;Muikzed;01.03.2002;770-001
Dollie;Henry;middle;01.03.2002;2890;895806;мужской;Moslengu;Zahukufi;01.03.2002;780-002
Lena;Dunn;middle;01.03.2002;6269;619018;мужской;Gujaziwil;Hufelvo;01.03.2002;780-002
Eddie;Jenkins;middle;01.03.2002;7481;312243;мужской;Dijhooco;Godbosfo;01.03.2002;770-001
Bertie;Fletcher;middle;01.03.2002;1808;617714;женский;Fezrosmoc;Devipopo;01.03.2002;770-001
Iva;Tucker;middle;01.03.2002;0335;823277;женский;Dorgizjo;Sigukus;01.03.2002;780-002
Marcus;Holt;middle;01.03.2002;4906;938250;женский;Wusugeiv;Lavuhine;01.03.2002;770-001
Cecilia;Roberson;middle;01.03.2002;1041;721765;мужской;Vatuzom;Dahzafuf;01.03.2002;162-003
Marion;Conner;middle;01.03.2002;3886;790872;женский;Valozev;Inituper;01.03.2002;770-001
Henrietta;Higgins;middle;01.03.2002;5811;631018;мужской;Nodidur;Ruhkuvti;01.03.2002;780-002
Leon;Porter;middle;01.03.2002;6675;753965;женский;Corwonsol;Ikhizov;01.03.2002;770-001
Don;Hayes;middle;01.03.2002;5002;669252;женский;Giahukur;Iloolaca;01.03.2002;770-001
Elmer;Berry;middle;01.03.2002;9188;069907;мужской;Acuzuaru;Pebkintub;01.03.2002;780-002
Jeremiah;Gill;middle;01.03.2002;4373;917920;мужской;Ogawean;Cejhuduc;01.03.2002;162-003
Lena;Chavez;middle;01.03.2002;4904;545864;мужской;Zilebcet;Fucitfe;01.03.2002;780-002
Jackson;Barton;middle;01.03.2002;6252;344863;мужской;Cogichu;Lotazhi;01.03.2002;162-003
Ian;Burns;middle;01.03.2002;0124;193137;мужской;Hudgosbi;Ganura;01.03.2002;770-001
Olive;Gill;middle;01.03.2002;6057;597075;женский;Favuwi;Fitariw;01.03.2002;770-001
Logan;Logan;middle;01.03.2002;3480;142431;мужской;Miperog;Idhefe;01.03.2002;162-003
Gary;Walker;middle;01.03.2002;9854;189259;женский;Wedupuh;Edzasob;01.03.2002;770-001
Beatrice;Bell;middle;01.03.2002;4286;559380;женский;Osupuren;Izjedtij;01.03.2002;780-002
Lois;Tyler;middle;01.03.2002;4059;126296;женский;Necubabo;Vusnougi;01.03.2002;770-001
Elsie;Ellis;middle;01.03.2002;4465;060537;женский;Katefsa;Kawwaeg;01.03.2002;162-003
Nelle;Daniels;middle;01.03.2002;7634;721025;мужской;Mesladhi;Legifes;01.03.2002;162-003
Calvin;Roy;middle;01.03.2002;2004;992026;женский;Gurpuvo;Lokpihid;01.03.2002;770-001
George;Massey;middle;01.03.2002;3619;719724;мужской;Kiavana;Gozujkuh;01.03.2002;780-002
Milton;Williamson;middle;01.03.2002;0375;146044;женский;Umibodene;Hobhulod;01.03.2002;162-003
Sally;Schmidt;middle;01.03.2002;9154;807113;мужской;Wuruig;Pukmavu;01.03.2002;770-001
Rosie;Sharp;middle;01.03.2002;7349;101999;мужской;Fezahe;Niatebak;01.03.2002;770-001
Cameron;Rodgers;middle;01.03.2002;5441;908582;мужской;Ziticva;Nikocira;01.03.2002;770-001
Nicholas;Gonzales;middle;01.03.2002;0272;412090;мужской;Kuevakup;Tufaka;01.03.2002;770-001
Rhoda;Patrick;middle;01.03.2002;4270;591752;женский;Tozimke;Dihdaodo;01.03.2002;770-001
Adeline;Thornton;middle;01.03.2002;3533;884849;мужской;Vilmuoz;Famecoz;01.03.2002;780-002
Allie;Mathis;middle;01.03.2002;4719;463213;женский;Kuzkerler;Dovela;01.03.2002;770-001
Noah;Perkins;middle;01.03.2002;7474;426180;мужской;Diirafoh;Jobzogda;01.03.2002;780-002
Nora;Todd;middle;01.03.2002;0009;782604;мужской;Mukadmam;Vehreab;01.03.2002;770-001
Howard;Carson;middle;01.03.2002;8634;684252;женский;Teomasu;Sosashij;01.03.2002;162-003
Adele;Chambers;middle;01.03.2002;4498;218452;мужской;Obcudas;Uluketi;01.03.2002;162-003
Lilly;Luna;middle;01.03.2002;2833;051596;женский;Wurmofpi;Bitutis;01.03.2002;162-003
Tommy;Rogers;middle;01.03.2002;0366;262550;мужской;Sodleved;Viddorpu;01.03.2002;162-003
Emilie;Long;middle;01.03.2002;8161;467415;мужской;Tugdiho;Uguvufelu;01.03.2002;770-001
Lola;Fletcher;middle;01.03.2002;8516;694785;женский;Vugzavuni;Icudiew;01.03.2002;780-002
Jay;Curtis;middle;01.03.2002;5008;155708;женский;Husrochi;Girozjo;01.03.2002;162-003
William;Page;middle;01.03.2002;9051;363738;женский;Jozwupup;Parubgat;01.03.2002;780-002
Daniel;Vega;middle;01.03.2002;8478;243378;мужской;Penlazeg;Bipeho;01.03.2002;780-002
Olivia;Ferguson;middle;01.03.2002;7053;180871;мужской;Mospuot;Mojfitid;01.03.2002;770-001
Cora;Douglas;middle;01.03.2002;3444;035092;мужской;Faakejij;Niwkazape;01.03.2002;770-001
May;Larson;middle;01.03.2002;9070;729722;мужской;Mebmaram;Nesiwuc;01.03.2002;162-003
Jessie;Mason;middle;01.03.2002;2986;140354;женский;Lajwoip;Hunahaz;01.03.2002;780-002
Mark;Goodwin;middle;01.03.2002;5501;012910;мужской;Tohauw;Beilodi;01.03.2002;770-001
Ryan;Summers;middle;01.03.2002;2167;891024;женский;Atumitil;Wefjevbon;01.03.2002;162-003
Estella;Rodriguez;middle;01.03.2002;4772;498692;мужской;Gizein;Ricwotad;01.03.2002;770-001
Matthew;Graves;middle;01.03.2002;4165;913027;мужской;Bitajozuk;Bomiwzez;01.03.2002;162-003
Ivan;Barber;middle;01.03.2002;4698;245262;женский;Cowzekzac;Negpogu;01.03.2002;770-001
Jared;Sims;middle;01.03.2002;0193;060499;мужской;Hagetkez;Baluhuc;01.03.2002;780-002
Terry;Gibson;middle;01.03.2002;3335;350049;женский;Fatujdu;Enevado;01.03.2002;780-002
Timothy;Santos;middle;01.03.2002;7848;670465;женский;Nufeima;Tahtafbu;01.03.2002;162-003
Ernest;Chambers;middle;01.03.2002;4085;539645;мужской;Olahigel;Raleti;01.03.2002;162-003
Alan;Campbell;middle;01.03.2002;8530;779222;мужской;Wuzakrus;Idaifde;01.03.2002;770-001
Ivan;Swanson;middle;01.03.2002;8164;190932;мужской;Tifpeila;Waawvah;01.03.2002;770-001
Angel;Weber;middle;01.03.2002;5150;825689;мужской;Aliebimi;Gaverwu;01.03.2002;780-002
Cole;Jennings;middle;01.03.2002;2639;897588;мужской;Jetujip;Molluiwa;01.03.2002;770-001
Roger;Rivera;middle;01.03.2002;0852;700786;мужской;Herfubnog;Ewpalu;01.03.2002;770-001
Christina;Barker;middle;01.03.2002;1191;845984;мужской;Gecwohju;Pefejem;01.03.2002;770-001
Rhoda;Garrett;middle;01.03.2002;4078;809628;мужской;Aragfac;Ucuvutar;01.03.2002;780-002
Gordon;Bradley;middle;01.03.2002;5372;629635;женский;Zispibac;Remifub;01.03.2002;780-002
Ryan;Ingram;middle;01.03.2002;0081;908900;мужской;Orompu;Cudeap;01.03.2002;780-002
Marvin;Martinez;middle;01.03.2002;5767;057785;женский;Evadvu;Izodarru;01.03.2002;162-003
Olive;Hopkins;middle;01.03.2002;6644;669839;мужской;Fafnurto;Funmipama;01.03.2002;780-002
Luella;Estrada;middle;01.03.2002;0997;205880;мужской;Okobunep;Firijab;01.03.2002;780-002
Owen;Lynch;middle;01.03.2002;7420;827512;мужской;Tevkaro;Jarlemil;01.03.2002;780-002
Benjamin;Cortez;middle;01.03.2002;0289;759034;женский;Imnelda;Dudgemjo;01.03.2002;162-003
Ruby;Kelley;middle;01.03.2002;3154;533990;мужской;Wucpuffi;Zidkisido;01.03.2002;162-003
Cora;Norris;middle;01.03.2002;5712;704579;мужской;Maftose;Jocbigim;01.03.2002;770-001
Sadie;Lamb;middle;01.03.2002;1964;254297;женский;Giinade;Ufuceshi;01.03.2002;770-001
Marcus;Vargas;middle;01.03.2002;6252;391678;женский;Fitatmaz;Egimegago;01.03.2002;780-002
Lewis;Abbott;middle;01.03.2002;5561;094417;мужской;Opaediwi;Sobazna;01.03.2002;162-003
Tyler;Rose;middle;01.03.2002;3419;738463;женский;Eserozas;Daazoke;01.03.2002;780-002
Lottie;Martinez;middle;01.03.2002;2946;781801;мужской;Julujab;Berofu;01.03.2002;780-002
Beulah;Stewart;middle;01.03.2002;9730;364735;мужской;Korogoweg;Sukbulem;01.03.2002;162-003
Luke;Lamb;middle;01.03.2002;2040;754414;мужской;Moehhup;Sebivi;01.03.2002;770-001
Carlos;Weber;middle;01.03.2002;5022;295001;женский;Hofuse;Tibnoba;01.03.2002;780-002
Brandon;Andrews;middle;01.03.2002;0372;593717;мужской;Ezocegfaw;Boelade;01.03.2002;780-002
Caroline;Cummings;middle;01.03.2002;9750;235308;мужской;Icujukhe;Nupajpo;01.03.2002;770-001
Loretta;Burns;middle;01.03.2002;0907;754874;мужской;Gawteage;Loclotip;01.03.2002;770-001
Gordon;Parsons;middle;01.03.2002;0737;402238;женский;Kezzieco;Pewokvu;01.03.2002;162-003
Theodore;Barnett;middle;01.03.2002;4079;794782;мужской;Vulevci;Ziltiwi;01.03.2002;162-003
Leo;Underwood;middle;01.03.2002;2361;633834;женский;Sisrivsuj;Wohepvoc;01.03.2002;162-003
Jordan;Davidson;middle;01.03.2002;7521;707694;мужской;Nisleved;Ladfakew;01.03.2002;162-003
Eunice;Caldwell;middle;01.03.2002;3338;867559;мужской;Rimotubu;Museeho;01.03.2002;780-002
Sara;French;middle;01.03.2002;6393;807795;женский;Usrundoc;Giposiap;01.03.2002;780-002
Nannie;Larson;middle;01.03.2002;2373;617138;женский;Webobce;Nelgepif;01.03.2002;770-001
Sylvia;Collier;middle;01.03.2002;8363;044230;женский;Apeled;Wajirfah;01.03.2002;780-002
Loretta;Schmidt;middle;01.03.2002;3694;534706;мужской;Sicedada;Togwusbad;01.03.2002;780-002
Nannie;Howell;middle;01.03.2002;6725;579680;женский;Etsusuk;Zudfucu;01.03.2002;770-001
Rosie;Holland;middle;01.03.2002;6744;357975;женский;Milonik;Heusiso;01.03.2002;780-002
Milton;Carroll;middle;01.03.2002;6627;726857;женский;Jodgijvu;Ovsache;01.03.2002;780-002
Bertha;Lowe;middle;01.03.2002;9244;118955;женский;Ucitipruw;Towekiwoh;01.03.2002;780-002
Della;Duncan;middle;01.03.2002;3134;192804;мужской;Pagesvif;Mogcaoto;01.03.2002;780-002
Leo;Reynolds;middle;01.03.2002;5600;740200;женский;Funvifoca;Edidiblo;01.03.2002;780-002
Dustin;Tyler;middle;01.03.2002;9040;662484;мужской;Gublijez;Bawkalti;01.03.2002;780-002
Gertrude;Schwartz;middle;01.03.2002;6822;279849;женский;Ipowazup;Hozepuni;01.03.2002;162-003
Douglas;Fields;middle;01.03.2002;9863;579564;мужской;Ohimakkup;Veupuri;01.03.2002;162-003
Theresa;Diaz;middle;01.03.2002;8555;074906;мужской;Duhhukej;Esadetov;01.03.2002;162-003
Hannah;Oliver;middle;01.03.2002;1621;870741;женский;Bihisaz;Ipozirvo;01.03.2002;780-002
Earl;Armstrong;middle;01.03.2002;6025;255906;женский;Vomifo;Doriaso;01.03.2002;770-001
Jose;Jackson;middle;01.03.2002;7998;143747;мужской;Elazete;Gegwizup;01.03.2002;780-002
Marguerite;Franklin;middle;01.03.2002;2050;163579;женский;Herapko;Uhiigicer;01.03.2002;162-003
Eugene;Norman;middle;01.03.2002;0750;476052;мужской;Ponazusah;Fugjusro;01.03.2002;162-003
Gordon;McCoy;middle;01.03.2002;3794;602912;мужской;Gozpihsug;Puwujnu;01.03.2002;780-002
Victoria;Curtis;middle;01.03.2002;7888;906452;мужской;Asurugap;Bipeduiko;01.03.2002;770-001
Maurice;Douglas;middle;01.03.2002;4109;568834;женский;Zisovset;Citawos;01.03.2002;162-003
Olga;Warren;middle;01.03.2002;4301;725473;мужской;Zigbemwi;Ciboli;01.03.2002;162-003
Sallie;McGee;middle;01.03.2002;5966;374791;мужской;Vurokif;Uwejavi;01.03.2002;162-003
Steve;Weaver;middle;01.03.2002;3151;156500;мужской;Buznetkef;Utowenfep;01.03.2002;162-003
Olga;Rios;middle;01.03.2002;6373;578653;женский;Opcatbat;Fiwakje;01.03.2002;780-002
Edward;Collier;middle;01.03.2002;7307;868326;женский;Mekwegdag;Ponlazwem;01.03.2002;780-002
Nathaniel;Mathis;middle;01.03.2002;7264;436968;женский;Jenteje;Nezanas;01.03.2002;162-003
Chad;Perkins;middle;01.03.2002;1810;251046;мужской;Wofaih;Bahuobe;01.03.2002;770-001
Irene;Rice;middle;01.03.2002;2549;636797;мужской;Udolre;Zuzifef;01.03.2002;770-001
Julia;Townsend;middle;01.03.2002;6653;204716;женский;Defaap;Azozfal;01.03.2002;162-003
Addie;Morrison;middle;01.03.2002;5363;096831;женский;Saczikted;Honfaaz;01.03.2002;780-002
Julia;Lawrence;middle;01.03.2002;3524;561636;мужской;Kafsecab;Veinapos;01.03.2002;780-002
Katherine;McKinney;middle;01.03.2002;9802;055754;мужской;Tutuko;Izazorike;01.03.2002;162-003
Cora;Griffin;middle;01.03.2002;8013;849429;мужской;Kenupde;Ocgudigo;01.03.2002;780-002
Don;Russell;middle;01.03.2002;9546;190481;мужской;Upenicdot;Ruwrigi;01.03.2002;780-002
Milton;McCormick;middle;01.03.2002;2522;794612;женский;Izodora;Bisofdos;01.03.2002;770-001
Frances;Wilson;middle;01.03.2002;2639;586396;мужской;Baawjol;Posdunu;01.03.2002;162-003
Eddie;Glover;middle;01.03.2002;3693;583309;мужской;Ifozfi;Hocfeho;01.03.2002;770-001
Eugene;Mendoza;middle;01.03.2002;3381;418921;мужской;Rohiga;Jufpake;01.03.2002;770-001
Tom;Wagner;middle;01.03.2002;5933;384922;мужской;Undijiw;Widbiuc;01.03.2002;162-003
Martin;Ramirez;middle;01.03.2002;6071;896241;мужской;Wasuvpi;Dijteke;01.03.2002;162-003
Charles;Daniels;middle;01.03.2002;6203;265328;женский;Fasofi;Wifvaem;01.03.2002;770-001
Lottie;Griffin;middle;01.03.2002;1533;707253;мужской;Kefdabame;Etvulim;01.03.2002;780-002
Anthony;Ellis;middle;01.03.2002;2724;936291;мужской;Nekkasfal;Utfecgac;01.03.2002;162-003
Nellie;Allison;middle;01.03.2002;0458;406742;мужской;Ilkalaz;Iwehze;01.03.2002;162-003
Cecilia;McCormick;middle;01.03.2002;3629;914268;женский;Ofoedoah;Jofheeb;01.03.2002;780-002
Cecilia;Newton;middle;01.03.2002;7141;242470;женский;Renrifo;Jekfetu;01.03.2002;780-002
Jeffrey;Shaw;middle;01.03.2002;5228;256898;женский;Mecceko;Kuhwakeb;01.03.2002;770-001
Gertrude;Davidson;middle;01.03.2002;6063;816842;мужской;Ivzefek;Vufiztuv;01.03.2002;780-002
Melvin;Gilbert;middle;01.03.2002;6186;106576;мужской;Ilusle;Ebojuji;01.03.2002;780-002
Shane;Richards;middle;01.03.2002;5885;711030;мужской;Hipduri;Husdaled;01.03.2002;162-003
Milton;Holmes;middle;01.03.2002;0796;878275;мужской;Saihziw;Sobwewlug;01.03.2002;162-003
Bess;Lee;middle;01.03.2002;5484;656271;мужской;Iludouf;Ukiupma;01.03.2002;162-003
Garrett;Soto;middle;01.03.2002;2431;028314;мужской;Nimano;Sifase;01.03.2002;162-003
Adrian;Cunningham;middle;01.03.2002;2482;673559;мужской;Aceseebu;Piwirauv;01.03.2002;780-002
Agnes;Rice;middle;01.03.2002;3001;760453;женский;Otedokuw;Wubfuvera;01.03.2002;770-001
Leon;Barnett;middle;01.03.2002;7745;867309;мужской;Zazulah;Ektinbeh;01.03.2002;162-003
Sean;Reese;middle;01.03.2002;5237;935278;мужской;Kenzuhab;Cucteku;01.03.2002;770-001
Richard;Foster;middle;01.03.2002;9663;594489;женский;Saswogre;Roozeog;01.03.2002;770-001
William;Duncan;middle;01.03.2002;9041;827762;женский;Wanaju;Rumopo;01.03.2002;162-003
Maria;Thompson;middle;01.03.2002;2418;288885;женский;Evlucuv;Hiemezas;01.03.2002;770-001
Mario;Lawrence;middle;01.03.2002;6685;416970;мужской;Gajnate;Evevilu;01.03.2002;780-002
Francisco;Cobb;middle;01.03.2002;1660;997260;женский;Ihmiki;Ziomcu;01.03.2002;780-002
Richard;Carpenter;middle;01.03.2002;3784;546362;женский;Cicsalu;Juguow;01.03.2002;162-003
Effie;Powell;middle;01.03.2002;4770;576315;мужской;Ohuritgim;Mekruldi;01.03.2002;780-002
Lina;Ball;middle;01.03.2002;2436;785190;мужской;Azbunza;Idusuba;01.03.2002;162-003
Agnes;Carlson;middle;01.03.2002;4952;101657;мужской;Liarlek;Opitigaw;01.03.2002;162-003
Willie;McDonald;middle;01.03.2002;2387;238622;мужской;Jarguwoji;Jewagoh;01.03.2002;770-001
Nannie;Pope;middle;01.03.2002;3949;944706;мужской;Kakjolcu;Bihibaj;01.03.2002;770-001
Christine;Nichols;middle;01.03.2002;4188;567990;женский;Lozjojar;Rierefa;01.03.2002;162-003
Louis;Barber;middle;01.03.2002;7129;533650;женский;Nokzudfi;Palrioko;01.03.2002;770-001
Virgie;Bradley;middle;01.03.2002;9619;299828;мужской;Tosoniv;Gizwuto;01.03.2002;162-003
Etta;Powers;middle;01.03.2002;6338;781932;мужской;Izamalo;Vevgiibe;01.03.2002;780-002
Olive;Walters;middle;01.03.2002;0347;091076;мужской;Rutlugwuk;Pudsazhe;01.03.2002;770-001
Ernest;Gonzalez;middle;01.03.2002;5543;963166;мужской;Nilihsoh;Zicubopow;01.03.2002;770-001
Lucille;Bowen;middle;01.03.2002;3561;021986;мужской;Mehulov;Vegugavo;01.03.2002;162-003
Maurice;Price;middle;01.03.2002;3309;679440;женский;Dacjiwo;Anezihu;01.03.2002;780-002
Jim;Mann;middle;01.03.2002;5010;193778;женский;Wunkagkuf;Otawuwuj;01.03.2002;770-001
Clyde;Fox;middle;01.03.2002;0867;031423;мужской;Lavumij;Ucesose;01.03.2002;770-001
Micheal;Allen;middle;01.03.2002;6510;805673;мужской;Kakvisri;Bitecwot;01.03.2002;780-002
Steve;Edwards;middle;01.03.2002;1404;948864;женский;Ugugdo;Obiufbu;01.03.2002;770-001
Donald;Singleton;middle;01.03.2002;5323;392395;женский;Torrufeh;Fikulov;01.03.2002;162-003
Leo;Walsh;middle;01.03.2002;1990;870930;мужской;Mafirowe;Hihifouz;01.03.2002;780-002
Aaron;Cross;middle;01.03.2002;9388;962456;женский;Wurujwa;Fiokami;01.03.2002;162-003
Lina;Nguyen;middle;01.03.2002;1219;853339;женский;Moplapwup;Debkanih;01.03.2002;780-002
Celia;Kelley;middle;01.03.2002;6316;863473;женский;Muenzu;Mibiztab;01.03.2002;780-002
Randall;Reed;middle;01.03.2002;4802;089640;женский;Pufgiwmol;Imniswi;01.03.2002;780-002
Mable;Collins;middle;01.03.2002;4981;928984;женский;Atraro;Caljacir;01.03.2002;162-003
Lucille;Parker;middle;01.03.2002;2908;356657;мужской;Comjaduk;Izmatge;01.03.2002;770-001
Bess;Schwartz;middle;01.03.2002;2152;244629;мужской;Ewjuksi;Luwujege;01.03.2002;162-003
Emma;Bailey;middle;01.03.2002;7404;755345;женский;Nacadjow;Pebobev;01.03.2002;780-002
Patrick;Gordon;middle;01.03.2002;8563;452437;женский;Zukibwep;Ridguso;01.03.2002;162-003
Lillian;Joseph;middle;01.03.2002;8091;230857;женский;Umasiad;Kahejji;01.03.2002;162-003
Edna;Warner;middle;01.03.2002;2187;111952;мужской;Imodeeh;Jukuctad;01.03.2002;780-002
Clarence;Schneider;middle;01.03.2002;6652;960584;женский;Rorpecec;Ajubube;01.03.2002;162-003
Jacob;Benson;middle;01.03.2002;5047;413974;мужской;Tivfimcoh;Puinpog;01.03.2002;770-001
Zachary;Walsh;middle;01.03.2002;6605;718806;женский;Gezfanuz;Ijonuzop;01.03.2002;770-001
Ollie;Holland;middle;01.03.2002;8242;672473;женский;Lacepte;Izineli;01.03.2002;770-001
Minerva;Adkins;middle;01.03.2002;7467;673025;женский;Zunekuh;Patkotsos;01.03.2002;780-002
Katherine;Swanson;middle;01.03.2002;4054;820141;мужской;Unakive;Welefpa;01.03.2002;780-002
Ida;Santiago;middle;01.03.2002;7776;728530;женский;Hervudbi;Zotihi;01.03.2002;780-002
Terry;Phelps;middle;01.03.2002;6817;965094;женский;Micguid;Ijumuce;01.03.2002;162-003
Marie;Edwards;middle;01.03.2002;4825;066776;женский;Irleta;Vejtotoha;01.03.2002;770-001
Lottie;Strickland;middle;01.03.2002;4943;464675;женский;Orunifre;Wecubitir;01.03.2002;780-002
Blake;Daniels;middle;01.03.2002;1072;280997;женский;Javceomu;Mozoblo;01.03.2002;780-002
Martin;Vargas;middle;01.03.2002;1359;894943;женский;Vobjedalu;Gerbesem;01.03.2002;770-001
Terry;McGee;middle;01.03.2002;8693;857179;женский;Suseje;Cagokimi;01.03.2002;780-002
Beulah;Gonzalez;middle;01.03.2002;7587;472074;женский;Pasrormis;Azuciva;01.03.2002;162-003
Mina;Hawkins;middle;01.03.2002;3599;466287;мужской;Obweuco;Higuduv;01.03.2002;770-001
Minerva;McCarthy;middle;01.03.2002;6722;063673;мужской;Hapdebe;Liameini;01.03.2002;780-002
Sam;Stone;middle;01.03.2002;2790;334455;женский;Arudardib;Ucicefa;01.03.2002;162-003
Johnny;Beck;middle;01.03.2002;3326;073683;женский;Vogvojpel;Nemponef;01.03.2002;162-003
Matilda;Bowman;middle;01.03.2002;1891;232767;мужской;Morvigrul;Besahojib;01.03.2002;162-003
Stella;Baker;middle;01.03.2002;2310;134374;женский;Zizeluoga;Kuzzocek;01.03.2002;162-003
Danny;Stokes;middle;01.03.2002;7436;503735;женский;Uspagga;Kezoki;01.03.2002;162-003
Mable;Adkins;middle;01.03.2002;2166;326405;мужской;Tezepiv;Duuwoubo;01.03.2002;162-003
Edgar;Rogers;middle;01.03.2002;9339;899248;женский;Ufupeiba;Ograpku;01.03.2002;780-002
Fannie;Collier;middle;01.03.2002;2981;405071;мужской;Bigiobu;Ijpifel;01.03.2002;770-001
Blake;Graham;middle;01.03.2002;5847;551244;женский;Pawabcog;Buwowmiv;01.03.2002;162-003
Maria;Walker;middle;01.03.2002;2168;213160;женский;Zutudvi;Rufhipu;01.03.2002;770-001
Janie;Christensen;middle;01.03.2002;6234;878313;мужской;Holguhta;Iwesecrir;01.03.2002;780-002
Estella;Lambert;middle;01.03.2002;6996;136673;женский;Pobvahzuf;Girpubzu;01.03.2002;162-003
Wayne;Matthews;middle;01.03.2002;8636;429671;женский;Eterije;Fawsopu;01.03.2002;162-003
Micheal;Vargas;middle;01.03.2002;4508;737191;мужской;Kovhite;Wejlakza;01.03.2002;770-001
Sylvia;Goodman;middle;01.03.2002;3240;195326;женский;Alengaw;Sabalig;01.03.2002;770-001
Mayme;Rogers;middle;01.03.2002;9356;967927;мужской;Dejkigkad;Hewehju;01.03.2002;162-003
Francisco;Huff;middle;01.03.2002;2865;303574;женский;Zitacze;Iletemvos;01.03.2002;770-001
Mable;Brooks;middle;01.03.2002;5643;621265;женский;Abovapok;Dusonig;01.03.2002;162-003
Gussie;Frank;middle;01.03.2002;8599;829807;мужской;Uzkudsi;Pusugro;01.03.2002;780-002
Myrtie;Ballard;middle;01.03.2002;5834;979890;женский;Hohdiafa;Ogihucem;01.03.2002;770-001
Adeline;Pena;middle;01.03.2002;7925;911120;мужской;Ubgekani;Zuwajpum;01.03.2002;780-002
Katharine;Castro;middle;01.03.2002;7594;445801;женский;Kemaej;Lazcune;01.03.2002;770-001
Johnny;Fox;middle;01.03.2002;7922;515315;мужской;Ucuzopga;Iledjap;01.03.2002;162-003
Timothy;Barnes;middle;01.03.2002;1317;945823;женский;Fejniaki;Kudcava;01.03.2002;780-002
Nell;Conner;middle;01.03.2002;8716;158761;женский;Zusigne;Ovlofdu;01.03.2002;162-003
Gregory;Davidson;middle;01.03.2002;9518;606401;женский;Urikorol;Besigbo;01.03.2002;162-003
Christine;Sutton;middle;01.03.2002;0746;961779;женский;Atsisrow;Osisopcad;01.03.2002;780-002
Chase;Harvey;middle;01.03.2002;2531;239340;женский;Zilwarbi;Genutzif;01.03.2002;162-003
Jackson;Goodman;middle;01.03.2002;8089;793997;мужской;Fupejofo;Punhucca;01.03.2002;162-003
Billy;Collier;middle;01.03.2002;1874;828683;мужской;Vihwilo;Katefu;01.03.2002;162-003
Keith;Brown;middle;01.03.2002;6984;886340;женский;Nevsizge;Vowbadbi;01.03.2002;162-003
Myra;Johnston;middle;01.03.2002;8639;326903;мужской;Tedgekga;Upsavfes;01.03.2002;162-003
Curtis;Obrien;middle;01.03.2002;3090;249167;женский;Ukudmo;Gemotoge;01.03.2002;162-003
Eugene;Gutierrez;middle;01.03.2002;1756;863937;женский;Degzaci;Okucawa;01.03.2002;780-002
Genevieve;Carter;middle;01.03.2002;9227;660464;женский;Ahhecfof;Kamidtas;01.03.2002;770-001
Ethan;Grant;middle;01.03.2002;8281;222088;мужской;Minkavfi;Nidupoj;01.03.2002;770-001
Carl;Carr;middle;01.03.2002;8232;204713;женский;Dibhijo;Gogmelvok;01.03.2002;770-001
Isaiah;Fitzgerald;middle;01.03.2002;2510;569427;мужской;Zotatad;Daswulpo;01.03.2002;162-003
Brian;Murray;middle;01.03.2002;8353;205141;женский;Hizenit;Vuwbeaju;01.03.2002;162-003
Marion;Mitchell;middle;01.03.2002;3873;743767;женский;Kazeifi;Termepa;01.03.2002;162-003
Rodney;Mack;middle;01.03.2002;7581;602049;женский;Seboru;Zucota;01.03.2002;780-002
Fannie;Brady;middle;01.03.2002;2560;178355;мужской;Olacidnud;Suholec;01.03.2002;162-003
Lester;Gregory;middle;01.03.2002;9782;815568;мужской;Dakrafo;Atdebkip;01.03.2002;770-001
Edna;Daniels;middle;01.03.2002;6711;457358;женский;Vubvidjeb;Buletiom;01.03.2002;162-003
Robert;Frank;middle;01.03.2002;1118;892951;женский;Cokafola;Roohzu;01.03.2002;780-002
Blake;Fuller;middle;01.03.2002;9747;492502;женский;Gazvazro;Iwribpo;01.03.2002;770-001
Elsie;Davidson;middle;01.03.2002;5864;884250;женский;Vumleki;Nuzukfuv;01.03.2002;162-003
Luke;Wheeler;middle;01.03.2002;8712;041457;мужской;Hefikapo;Gahinri;01.03.2002;770-001
Hunter;Reynolds;middle;01.03.2002;3792;010300;мужской;Kojoiwi;Caufovi;01.03.2002;780-002
Addie;Cox;middle;01.03.2002;2092;030879;женский;Labebdo;Dulsohiw;01.03.2002;162-003
Ricardo;Reeves;middle;01.03.2002;2062;712487;мужской;Vatonano;Emomolza;01.03.2002;780-002
Warren;Frazier;middle;01.03.2002;6159;169796;женский;Ogliki;Ojweboh;01.03.2002;780-002
Lily;Bishop;middle;01.03.2002;3931;450607;мужской;Zavmihfo;Abeazdu;01.03.2002;780-002
Lewis;Nguyen;middle;01.03.2002;2748;514808;мужской;Mahdathu;Wefijzok;01.03.2002;162-003
Loretta;Mitchell;middle;01.03.2002;1488;623537;мужской;Sowazozo;Osezuru;01.03.2002;770-001
Lela;Garrett;middle;01.03.2002;2116;497950;женский;Albuvoc;Zopabfeb;01.03.2002;770-001
Nancy;Jacobs;middle;01.03.2002;6682;769408;мужской;Zegcipdan;Onjetago;01.03.2002;162-003
Jackson;Reed;middle;01.03.2002;9748;791399;женский;Humtukja;Numifku;01.03.2002;780-002
Lola;Castillo;middle;01.03.2002;5150;727300;мужской;Johweob;Atmirin;01.03.2002;162-003
Alexander;Hogan;middle;01.03.2002;6084;563050;мужской;Ilavopnec;Suheor;01.03.2002;162-003
Roger;Jordan;middle;01.03.2002;7938;179703;женский;Jecejehaf;Mikude;01.03.2002;770-001
Teresa;Erickson;middle;01.03.2002;6216;241990;женский;Ditihrur;Jaanagu;01.03.2002;770-001
Delia;Stanley;middle;01.03.2002;3030;434031;женский;Jilgamgo;Kasmiko;01.03.2002;780-002
Ethan;Stone;middle;01.03.2002;4464;359920;мужской;Gubzazeh;Dekacuf;01.03.2002;780-002
Micheal;Ross;middle;01.03.2002;3056;644068;мужской;Avcilsoj;Haumited;01.03.2002;770-001
Minnie;Tucker;middle;01.03.2002;4739;919680;женский;Azicufa;Locojji;01.03.2002;780-002
Christine;Warren;middle;01.03.2002;4071;118144;женский;Ofokedif;Ipeojeub;01.03.2002;780-002
Cecelia;Spencer;middle;01.03.2002;2546;718498;мужской;Dumazil;Afhegopa;01.03.2002;770-001
Sophia;Phelps;middle;01.03.2002;8437;919878;женский;Uhadivik;Bojipeb;01.03.2002;780-002
Rose;Moran;middle;01.03.2002;1503;511318;мужской;Cortuklab;Uzkujhan;01.03.2002;162-003
Adrian;Harvey;middle;01.03.2002;6803;237250;женский;Kidohvo;Ocitefi;01.03.2002;780-002
Christine;Pierce;middle;01.03.2002;0554;624590;женский;Unhacu;Asedeka;01.03.2002;162-003
Ian;Cohen;middle;01.03.2002;4673;182174;мужской;Potraku;Turonsis;01.03.2002;780-002
Barry;Knight;middle;01.03.2002;6724;987052;женский;Omisesnub;Muhbecuz;01.03.2002;780-002
Marguerite;Ball;middle;01.03.2002;8642;176925;женский;Momtueme;Docopzif;01.03.2002;162-003
Vera;Wells;middle;01.03.2002;1730;364195;мужской;Pejguken;Dogubiz;01.03.2002;162-003
Marvin;Schneider;middle;01.03.2002;8889;526315;женский;Jatorpu;Atumaso;01.03.2002;162-003
Roxie;Murray;middle;01.03.2002;5355;549015;женский;Kewzicuk;Kejosbu;01.03.2002;780-002
Jim;Burgess;middle;01.03.2002;4120;433381;мужской;Gecfatin;Basiti;01.03.2002;162-003
Nelle;Crawford;middle;01.03.2002;5531;278173;женский;Ekapebi;Somnunod;01.03.2002;162-003
Bill;Oliver;middle;01.03.2002;7137;648586;женский;Cufebat;Kogdoru;01.03.2002;770-001
Ernest;Cortez;middle;01.03.2002;3022;236410;мужской;Avsozo;Puzidju;01.03.2002;780-002
Todd;Walters;middle;01.03.2002;7556;059027;женский;Koubenad;Soasihu;01.03.2002;780-002
Thomas;McGuire;middle;01.03.2002;4339;879516;женский;Fuuhuco;Hiwneke;01.03.2002;770-001
Leon;Malone;middle;01.03.2002;0166;035615;женский;Jelsuike;Rohsizsi;01.03.2002;770-001
Oscar;Houston;middle;01.03.2002;7773;715667;мужской;Sefcoem;Ejorupki;01.03.2002;780-002
Luella;Moran;middle;01.03.2002;8531;014425;мужской;Tepzinmoh;Idabida;01.03.2002;770-001
Lizzie;Barker;middle;01.03.2002;6772;465254;женский;Loboziaz;Vufegaluc;01.03.2002;162-003
Jerome;Curry;middle;01.03.2002;0665;675803;женский;Calijohop;Osegewa;01.03.2002;770-001
Trevor;Barrett;middle;01.03.2002;4553;202744;мужской;Wihberbo;Oltuir;01.03.2002;162-003
Elva;Schmidt;middle;01.03.2002;3357;641938;женский;Fimzega;Idluftot;01.03.2002;770-001
Amy;Reed;middle;01.03.2002;9212;742064;женский;Wuribru;Mootukip;01.03.2002;780-002
Christopher;Fitzgerald;middle;01.03.2002;7495;752996;женский;Motrikce;Duzejuna;01.03.2002;780-002
Ola;Bradley;middle;01.03.2002;9317;821168;женский;Hocedoc;Woknirbin;01.03.2002;770-001
Luke;Fitzgerald;middle;01.03.2002;1369;868154;мужской;Huurwe;Kuvoohi;01.03.2002;780-002
Clifford;Cannon;middle;01.03.2002;4372;295359;женский;Pacahnad;Foohiwo;01.03.2002;770-001
Laura;Ball;middle;01.03.2002;0010;236818;женский;Cajojipo;Hibvapac;01.03.2002;770-001
Billy;Harmon;middle;01.03.2002;3201;231290;женский;Bukijcom;Ziwoge;01.03.2002;770-001
Lora;Lindsey;middle;01.03.2002;3760;096458;женский;Maiguma;Ripokuj;01.03.2002;162-003
Theodore;Paul;middle;01.03.2002;9598;905440;мужской;Linraci;Hacifizu;01.03.2002;162-003
Katie;Nguyen;middle;01.03.2002;3139;049829;мужской;Vukiguvi;Magusah;01.03.2002;162-003
Brian;Bowen;middle;01.03.2002;9689;629269;женский;Gapale;Oparupa;01.03.2002;770-001
Martha;Burton;middle;01.03.2002;1722;872625;женский;Rigzogi;Pojvawfo;01.03.2002;162-003
Barbara;Buchanan;middle;01.03.2002;2564;579810;мужской;Peanej;Ujejotaw;01.03.2002;780-002
Nathaniel;Stevenson;middle;01.03.2002;5902;848510;мужской;Papjito;Vodgaku;01.03.2002;162-003
Joe;Baldwin;middle;01.03.2002;9742;852898;женский;Rifhovki;Zavlejgoz;01.03.2002;770-001
Ida;Munoz;middle;01.03.2002;3834;448112;женский;Anevusec;Mupsadraj;01.03.2002;162-003
Maria;Holloway;middle;01.03.2002;6043;656551;женский;Kocuwaza;Rinulad;01.03.2002;780-002
Herbert;Pena;middle;01.03.2002;7957;138716;женский;Zotpojase;Zejiwra;01.03.2002;162-003
Herman;Guerrero;middle;01.03.2002;6904;771020;женский;Dikubwib;Beazwe;01.03.2002;780-002
Barry;Obrien;middle;01.03.2002;1440;642021;мужской;Hopidva;Zibrise;01.03.2002;162-003
Wayne;Norman;middle;01.03.2002;8923;887822;женский;Dejobezun;Epirusu;01.03.2002;780-002
Isabel;Larson;middle;01.03.2002;6774;445603;мужской;Zekbihwun;Ketgehat;01.03.2002;770-001
Mabelle;Stanley;middle;01.03.2002;0053;129806;мужской;Haniciw;Ofahoig;01.03.2002;770-001
Dorothy;George;middle;01.03.2002;1497;486234;мужской;Ozawodi;Dikdebrob;01.03.2002;770-001
Ray;Robbins;middle;01.03.2002;4634;967094;мужской;Ligpipgap;Aprowmu;01.03.2002;162-003
Dominic;Cohen;middle;01.03.2002;3579;918711;женский;Pebehju;Begofjuf;01.03.2002;162-003
Tyler;Reed;middle;01.03.2002;0995;595636;мужской;Vilokzi;Jatitmic;01.03.2002;780-002
Garrett;Higgins;middle;01.03.2002;6800;089062;мужской;Netedu;Hocguka;01.03.2002;780-002
Rosa;Briggs;middle;01.03.2002;1169;227071;женский;Hiwikhuc;Ilakigo;01.03.2002;780-002
Linnie;Cross;middle;01.03.2002;0035;240042;мужской;Wuhsali;Selawu;01.03.2002;780-002
Donald;Rowe;middle;01.03.2002;4051;263192;мужской;Vezamu;Weujuvu;01.03.2002;780-002
Jimmy;Barber;middle;01.03.2002;5379;573470;женский;Efdeba;Joboot;01.03.2002;780-002
Francis;Myers;middle;01.03.2002;4378;590788;женский;Zaviwuwur;Mojmebvad;01.03.2002;162-003
Loretta;Moss;middle;01.03.2002;9739;762135;мужской;Uppubtac;Mobpizi;01.03.2002;770-001
Alexander;Patton;middle;01.03.2002;3930;199317;мужской;Unedoltar;Agitofweh;01.03.2002;162-003
Edna;Dixon;middle;01.03.2002;7541;637068;мужской;Sidlehe;Agonoowa;01.03.2002;162-003
Janie;Day;middle;01.03.2002;4839;751285;мужской;Obenukge;Kepifrak;01.03.2002;162-003
Angel;Collins;middle;01.03.2002;7210;782485;мужской;Zokdupi;Pazorhu;01.03.2002;770-001
Rosie;Holloway;middle;01.03.2002;3372;574629;женский;Puuluno;Imkeho;01.03.2002;162-003
Minnie;Gill;middle;01.03.2002;9378;921371;мужской;Efifivuwo;Sapiraf;01.03.2002;770-001
Fanny;Harmon;middle;01.03.2002;4739;735178;мужской;Pepebin;Wuekura;01.03.2002;780-002
Cynthia;Luna;middle;01.03.2002;7222;575253;женский;Lacalvu;Udauzojoz;01.03.2002;770-001
Nell;Schwartz;middle;01.03.2002;5916;553433;женский;Mapora;Vicoclic;01.03.2002;162-003
Verna;Thomas;middle;01.03.2002;9766;948448;мужской;Pichokwif;Ocbifgiw;01.03.2002;162-003
Elizabeth;Rhodes;middle;01.03.2002;4373;817924;женский;Ipuciccir;Sakmofuz;01.03.2002;780-002
Sally;Lee;middle;01.03.2002;0457;851791;мужской;Gitafocem;Cisuna;01.03.2002;770-001
Betty;Warren;middle;01.03.2002;7305;448975;мужской;Limizbe;Cobbifse;01.03.2002;162-003
Landon;Griffin;middle;01.03.2002;9850;241828;женский;Racgujiw;Megluje;01.03.2002;770-001
Violet;Jennings;middle;01.03.2002;5751;278933;женский;Wofcilwiw;Zanepdad;01.03.2002;780-002
Hilda;Houston;middle;01.03.2002;0569;845313;женский;Umibeza;Ikuisit;01.03.2002;770-001
Ralph;Bell;middle;01.03.2002;8569;743721;женский;Dusvetu;Ekdovi;01.03.2002;770-001
Leila;McBride;middle;01.03.2002;6106;515425;женский;Zibehore;Peulevi;01.03.2002;780-002
Todd;Walsh;middle;01.03.2002;4766;017693;женский;Viapida;Kepasful;01.03.2002;162-003
Gavin;Aguilar;middle;01.03.2002;6069;061313;женский;Pikzamru;Aruupevub;01.03.2002;780-002
Charles;Black;middle;01.03.2002;8628;085825;женский;Ezwinpo;Pemegun;01.03.2002;162-003
Jonathan;Gordon;middle;01.03.2002;4232;215099;мужской;Netcosed;Paodoamo;01.03.2002;770-001
Angel;Cortez;middle;01.03.2002;2256;963671;женский;Zipodawom;Bifdessir;01.03.2002;780-002
Thomas;Santiago;middle;01.03.2002;0188;795312;мужской;Rawwiwuf;Hucwipag;01.03.2002;770-001
Landon;King;middle;01.03.2002;3438;622725;мужской;Rolorueri;Toipiku;01.03.2002;770-001
Earl;Hoffman;middle;01.03.2002;1480;123143;мужской;Ikzahwe;Cuihaac;01.03.2002;770-001
Estella;McKinney;middle;01.03.2002;3079;794714;женский;Vaverkod;Idkoum;01.03.2002;780-002
Zachary;Richards;middle;01.03.2002;7635;845812;мужской;Tezkomzov;Ufufzum;01.03.2002;162-003
Leonard;Miller;middle;01.03.2002;8589;379129;мужской;Hosokvaz;Pabcakme;01.03.2002;780-002
Alma;Gonzales;middle;01.03.2002;4107;497903;женский;Colusjif;Vucobec;01.03.2002;780-002
Tyler;Parsons;middle;01.03.2002;6876;469459;мужской;Wapouk;Batiloiwo;01.03.2002;780-002
Bradley;George;middle;01.03.2002;9192;772378;мужской;Zokbecduk;Koumabu;01.03.2002;780-002
Logan;Wood;middle;01.03.2002;1235;841612;мужской;Ginagpeg;Uwumezfo;01.03.2002;162-003
Marc;Baldwin;middle;01.03.2002;4599;520228;женский;Ralkewahu;Rujbiwge;01.03.2002;770-001
Jerry;Oliver;middle;01.03.2002;9917;664971;женский;Tejjiib;Wumufcok;01.03.2002;770-001
Rose;Fowler;middle;01.03.2002;6030;758660;мужской;Egagaanu;Johiggu;01.03.2002;770-001
Paul;Johnson;middle;01.03.2002;7670;242952;мужской;Mimlehceg;Ugiimri;01.03.2002;162-003
Nettie;Jackson;middle;01.03.2002;8861;857675;женский;Cazolfe;Teneli;01.03.2002;780-002
Lucille;Hoffman;middle;01.03.2002;4073;068956;женский;Walrihane;Pefijow;01.03.2002;162-003
Roxie;Austin;middle;01.03.2002;5978;662319;мужской;Dulhatkoz;Owecutaf;01.03.2002;770-001
Stephen;Ortega;middle;01.03.2002;4078;102589;женский;Izkiapo;Wetulziw;01.03.2002;770-001
Helen;Steele;middle;01.03.2002;6863;085083;мужской;Cihtewot;Izapawap;01.03.2002;162-003
Jason;Padilla;middle;01.03.2002;8567;662541;женский;Fepudhok;Ificeefe;01.03.2002;162-003
Hilda;Murphy;middle;01.03.2002;6275;253395;мужской;Bowpure;Tomilat;01.03.2002;780-002
Susan;Smith;middle;01.03.2002;9754;931676;мужской;Pingopo;Kodjeof;01.03.2002;162-003
Floyd;Stewart;middle;01.03.2002;7472;128878;мужской;Zuvpuhhi;Zosmecub;01.03.2002;162-003
Stella;Newton;middle;01.03.2002;7900;997949;женский;Ihsossiw;Cefotuh;01.03.2002;780-002
Rosetta;Horton;middle;01.03.2002;9299;480790;мужской;Inebasuz;Odsicano;01.03.2002;770-001
Alejandro;Collins;middle;01.03.2002;2012;507122;женский;Manpemton;Difinlob;01.03.2002;770-001
Maude;Lamb;middle;01.03.2002;6019;343106;женский;Icewiruza;Pecdidbum;01.03.2002;162-003
Gilbert;Hampton;middle;01.03.2002;2313;753598;женский;Vacedme;Zenowli;01.03.2002;162-003
Jennie;Doyle;middle;01.03.2002;1226;190704;женский;Galusdej;Fepcoko;01.03.2002;770-001
Alberta;Osborne;middle;01.03.2002;5150;900902;женский;Bapait;Vusugof;01.03.2002;162-003
Eugene;Daniels;middle;01.03.2002;1406;703334;мужской;Tuhafa;Ihuanosik;01.03.2002;780-002
Sophie;Weaver;middle;01.03.2002;9960;647782;женский;Wugmahfak;Wibokji;01.03.2002;770-001
Lelia;Kelley;middle;01.03.2002;9858;486532;женский;Fizucpeg;Icasunkum;01.03.2002;162-003
Jane;Hicks;middle;01.03.2002;6485;750175;мужской;Esenasev;Pawbalve;01.03.2002;162-003
Cameron;Thompson;middle;01.03.2002;6373;128759;женский;Hejejgat;Noldiesi;01.03.2002;780-002
Susie;Norris;middle;01.03.2002;6219;050869;женский;Egauvolih;Wecateho;01.03.2002;770-001
Leah;Moreno;middle;01.03.2002;3877;315547;женский;Fosidwur;Ukajelcuk;01.03.2002;162-003
Fanny;Patterson;middle;01.03.2002;8612;119535;мужской;Pesebni;Ruzvitfu;01.03.2002;162-003
Hattie;Goodwin;middle;01.03.2002;8613;321916;мужской;Rozituna;Gufedcoc;01.03.2002;162-003
Willie;Collins;middle;01.03.2002;6605;949508;женский;Nusfehe;Wulazle;01.03.2002;162-003
Lily;Silva;middle;01.03.2002;5366;369613;мужской;Sopnatba;Noezid;01.03.2002;770-001
Devin;Gardner;middle;01.03.2002;9980;100382;мужской;Ifiducaw;Naroiva;01.03.2002;162-003
Bill;McBride;middle;01.03.2002;7793;816192;мужской;Pipcese;Hocsiwo;01.03.2002;780-002
Lucas;Stokes;middle;01.03.2002;9686;567416;женский;Rifehaj;Hilouva;01.03.2002;770-001
Nannie;Lamb;middle;01.03.2002;8308;323128;мужской;Weitib;Weupewo;01.03.2002;770-001
Francis;Gibson;middle;01.03.2002;9727;570746;мужской;Dopdaho;Hecuzuv;01.03.2002;162-003
Arthur;Myers;middle;01.03.2002;1398;550535;мужской;Unuhegeb;Fojpawpu;01.03.2002;780-002
Bill;Atkins;middle;01.03.2002;6241;190712;мужской;Gawzicabu;Kojzedku;01.03.2002;770-001
Steve;Fitzgerald;middle;01.03.2002;6163;992400;мужской;Emepodzor;Jimvebjo;01.03.2002;162-003
Lawrence;Stephens;middle;01.03.2002;8983;205901;женский;Sicmaneme;Seesjag;01.03.2002;162-003
Eugenia;Higgins;middle;01.03.2002;0662;340765;женский;Inotibek;Urujuvsof;01.03.2002;770-001
Mildred;Drake;middle;01.03.2002;3994;208413;женский;Bikkuha;Sahepehu;01.03.2002;162-003
Lillian;Miller;middle;01.03.2002;1038;151716;женский;Olderel;Wicwulhu;01.03.2002;780-002
Bernard;Wade;middle;01.03.2002;4169;031722;мужской;Govonotoc;Nitahcuz;01.03.2002;162-003
Nathan;Palmer;middle;01.03.2002;1471;073469;женский;Weprunpe;Voporim;01.03.2002;770-001
Gavin;Collier;middle;01.03.2002;9294;228313;мужской;Foabne;Mefediibo;01.03.2002;780-002
John;Miles;middle;01.03.2002;9423;389947;мужской;Mufebvab;Sikwimac;01.03.2002;780-002
Shawn;Gomez;middle;01.03.2002;1050;525655;женский;Vuhucsa;Himobiw;01.03.2002;162-003
Shawn;Leonard;middle;01.03.2002;0189;580237;мужской;Ahunuha;Bucruwga;01.03.2002;780-002
Kathryn;Medina;middle;01.03.2002;0156;697052;женский;Didkofun;Zevpaboko;01.03.2002;162-003
Kyle;Jacobs;middle;01.03.2002;8358;145571;женский;Urulurag;Jawupjin;01.03.2002;770-001
Alvin;Daniels;middle;01.03.2002;0801;149365;мужской;Fideljo;Latzowdup;01.03.2002;780-002
Lulu;Green;middle;01.03.2002;2274;678790;мужской;Zotopawol;Diijuke;01.03.2002;162-003
Nathan;Ballard;middle;01.03.2002;9353;664882;женский;Gizubaved;Mujufef;01.03.2002;780-002
Rhoda;Harris;middle;01.03.2002;4476;563667;женский;Baghidim;Paunenek;01.03.2002;780-002
Rosetta;Parks;middle;01.03.2002;4681;581325;женский;Sojigja;Gombisla;01.03.2002;162-003
Warren;Alexander;middle;01.03.2002;6999;620840;мужской;Sugtubcib;Urimohtu;01.03.2002;162-003
Robert;Gomez;middle;01.03.2002;3408;363838;женский;Feanun;Lufoni;01.03.2002;770-001
Lee;Matthews;middle;01.03.2002;7246;473854;мужской;Oraduma;Wezmuuba;01.03.2002;162-003
Landon;Sandoval;middle;01.03.2002;5159;461564;женский;Kuuhret;Vekados;01.03.2002;780-002
Rebecca;Hampton;middle;01.03.2002;7256;830148;мужской;Womaane;Ihsuzdit;01.03.2002;780-002
Melvin;Parsons;middle;01.03.2002;7441;522232;женский;Copuve;Cadvedle;01.03.2002;162-003
Aaron;Lawson;middle;01.03.2002;9944;050002;женский;Mujoste;Kejatdas;01.03.2002;770-001
Lela;Nguyen;middle;01.03.2002;3427;989834;мужской;Zihfowgo;Abeetosi;01.03.2002;162-003
Mabel;Palmer;middle;01.03.2002;9012;308542;мужской;Mugali;Kovuhgu;01.03.2002;162-003
Iva;Wilkins;middle;01.03.2002;3587;306591;женский;Liksuskeb;Gonivifor;01.03.2002;162-003
Jesse;Fuller;middle;01.03.2002;8386;621760;женский;Amuvaibe;Nirhamedu;01.03.2002;162-003
Alberta;Reynolds;middle;01.03.2002;7653;715671;мужской;Ololures;Ibucika;01.03.2002;162-003
Marvin;Higgins;middle;01.03.2002;1426;085986;мужской;Zoenojo;Musrabup;01.03.2002;162-003
Edna;Hopkins;middle;01.03.2002;3944;723207;мужской;Vesinofo;Girettoc;01.03.2002;162-003
Myrtie;Nichols;middle;01.03.2002;5933;267534;женский;Babebten;Agopedow;01.03.2002;770-001
Louis;Bennett;middle;01.03.2002;0522;301411;женский;Aciugisut;Ugbokzu;01.03.2002;770-001
Lloyd;Padilla;middle;01.03.2002;0285;637747;женский;Wotiwi;Biwjuruz;01.03.2002;162-003
Jerry;Watkins;middle;01.03.2002;1695;486960;женский;Genmifo;Wulasrah;01.03.2002;162-003
Cornelia;Duncan;middle;01.03.2002;7115;089533;женский;Kekalofem;Rihinje;01.03.2002;162-003
Sean;Sullivan;middle;01.03.2002;8081;753652;женский;Noovwa;Huhojur;01.03.2002;162-003
Callie;Carpenter;middle;01.03.2002;1021;203294;мужской;Zebanulum;Gofsokaz;01.03.2002;770-001
Essie;Cox;middle;01.03.2002;9502;202841;мужской;Rucrucmez;Lawihus;01.03.2002;770-001
Olga;Howell;middle;01.03.2002;5648;806377;мужской;Owukuhub;Siniupe;01.03.2002;780-002
Virginia;Lane;middle;01.03.2002;2832;038756;женский;Ejwicici;Igdosruj;01.03.2002;780-002
Beulah;Pierce;middle;01.03.2002;1716;784728;мужской;Nawmacjin;Uteokodum;01.03.2002;780-002
Cynthia;Massey;middle;01.03.2002;8145;008676;мужской;Cadujsub;Lafnofgu;01.03.2002;780-002
Catherine;Huff;middle;01.03.2002;2367;714488;женский;Dugogzi;Lavomte;01.03.2002;162-003
Della;Carlson;middle;01.03.2002;8972;784872;женский;Wikevkif;Dabarwem;01.03.2002;770-001
Gregory;Pierce;middle;01.03.2002;2984;451449;женский;Guokici;Sivahuw;01.03.2002;780-002
Alfred;Neal;middle;01.03.2002;8020;472467;женский;Moimnu;Lahbamgup;01.03.2002;162-003
Charlotte;Fisher;middle;01.03.2002;0674;385063;женский;Pawgisaz;Tobwomsa;01.03.2002;770-001
Glenn;Cook;middle;01.03.2002;7678;448912;женский;Nihsoze;Pesoju;01.03.2002;162-003
Virginia;Cortez;middle;01.03.2002;6848;012815;мужской;Jujehcu;Ulokzu;01.03.2002;780-002
Anne;Simpson;middle;01.03.2002;4038;847515;женский;Upivonza;Wepadnet;01.03.2002;780-002
Lottie;Henry;middle;01.03.2002;6976;223809;женский;Fentegah;Luvhuciw;01.03.2002;770-001
Jack;Horton;middle;01.03.2002;1013;400244;женский;Fuahuvu;Fecudvuf;01.03.2002;162-003
Katharine;Berry;middle;01.03.2002;3791;064351;мужской;Fozarvin;Rewdefu;01.03.2002;162-003
Lewis;Foster;middle;01.03.2002;9147;700956;женский;Vokopru;Nobumuc;01.03.2002;770-001
Florence;Shaw;middle;01.03.2002;7599;942723;мужской;Fescawac;Pozispot;01.03.2002;780-002
Rosa;Carson;middle;01.03.2002;5120;004737;мужской;Lasivij;Evhukna;01.03.2002;780-002
Ada;McCarthy;middle;01.03.2002;4028;287722;мужской;Geiketo;Wuwajal;01.03.2002;770-001
Marian;Cross;middle;01.03.2002;3112;210593;женский;Vasofa;Morgehi;01.03.2002;770-001
Anthony;Rodriguez;middle;01.03.2002;0811;441385;мужской;Guvouj;Orekonvej;01.03.2002;162-003
Erik;Lee;middle;01.03.2002;0182;619455;женский;Copalsiw;Bitibevit;01.03.2002;780-002
Genevieve;Carson;middle;01.03.2002;8680;236204;женский;Emosaew;Wehumruh;01.03.2002;780-002
Winnie;Garcia;middle;01.03.2002;3192;132616;мужской;Nualuef;Absivmut;01.03.2002;780-002
Adelaide;Bass;middle;01.03.2002;5436;912785;женский;Deczueg;Jetucuga;01.03.2002;780-002
Troy;Herrera;middle;01.03.2002;3307;774307;мужской;Valuwje;Fezobo;01.03.2002;770-001
Cecilia;Luna;middle;01.03.2002;5017;898779;женский;Ogpooto;Miladudi;01.03.2002;770-001
Adelaide;Parker;middle;01.03.2002;9929;282239;женский;Bocobke;Ekpoebo;01.03.2002;770-001
Lewis;Sharp;middle;01.03.2002;2957;692476;женский;Wireja;Umasolew;01.03.2002;162-003
Estelle;Copeland;middle;01.03.2002;5877;470057;мужской;Memuveiba;Niakezi;01.03.2002;770-001
Estelle;Doyle;middle;01.03.2002;8555;279078;женский;Wirulisoc;Ujaozli;01.03.2002;770-001
Nelle;Simpson;middle;01.03.2002;7030;439712;мужской;Mavzugha;Liwjies;01.03.2002;780-002
Myra;Swanson;middle;01.03.2002;0956;112389;мужской;Ekeagiifa;Widazozi;01.03.2002;162-003
Philip;Garrett;middle;01.03.2002;8059;464679;мужской;Halaze;Fazebve;01.03.2002;780-002
Ollie;Webb;middle;01.03.2002;0853;627010;мужской;Utodak;Witcimor;01.03.2002;162-003
Clayton;Alvarez;middle;01.03.2002;2505;149371;мужской;Dekterem;Walasiv;01.03.2002;770-001
Marvin;Jones;middle;01.03.2002;2882;873522;женский;Mefvupoh;Kulpezif;01.03.2002;780-002
Tyler;Aguilar;middle;01.03.2002;6469;775797;женский;Ninehnov;Zejopo;01.03.2002;780-002
Alexander;Murray;middle;01.03.2002;5243;893690;мужской;Muwpoud;Cennusez;01.03.2002;770-001
Virginia;Drake;middle;01.03.2002;8289;759344;женский;Nodjijo;Hujhegi;01.03.2002;162-003
Christine;Frazier;middle;01.03.2002;6494;787098;женский;Fuvazuz;Imgohe;01.03.2002;780-002
Cora;Hunt;middle;01.03.2002;9743;002188;женский;Okmihih;Leorcem;01.03.2002;162-003
Warren;Robinson;middle;01.03.2002;0050;698562;мужской;Kuezjo;Faratuze;01.03.2002;162-003
Elijah;Bowers;middle;01.03.2002;7247;443358;женский;Ufdokna;Ibzasas;01.03.2002;780-002
Alexander;Padilla;middle;01.03.2002;3372;159707;мужской;Ogenosi;Nenwitim;01.03.2002;780-002
Bobby;Gardner;middle;01.03.2002;5506;329075;женский;Vewopceh;Odumeol;01.03.2002;780-002
Chester;Bishop;middle;01.03.2002;2685;526518;мужской;Erdujzop;Cinuku;01.03.2002;770-001
Dora;Cortez;middle;01.03.2002;0389;282975;женский;Hifzujo;Logretol;01.03.2002;770-001
Florence;Haynes;middle;01.03.2002;0043;535755;мужской;Ocdegje;Sopakrah;01.03.2002;770-001
Katherine;Bowers;middle;01.03.2002;4160;548553;мужской;Cerriko;Tobefgil;01.03.2002;780-002
Eugenia;Owen;middle;01.03.2002;0717;094406;мужской;Vefunacaw;Abeopja;01.03.2002;770-001
Lewis;Moreno;middle;01.03.2002;3546;084366;мужской;Jowvebal;Pamhuam;01.03.2002;780-002
Maggie;Stevenson;middle;01.03.2002;1796;400698;мужской;Uzpadzo;Eliipmu;01.03.2002;162-003
Lelia;Yates;middle;01.03.2002;9076;453623;мужской;Nikacsa;Tuthozo;01.03.2002;162-003
Floyd;Conner;middle;01.03.2002;4597;480925;мужской;Ubbibatu;Gabazhuk;01.03.2002;162-003
Helen;Padilla;middle;01.03.2002;6377;511997;мужской;Capvajnek;Totjitzoz;01.03.2002;780-002
Bessie;Paul;middle;01.03.2002;4277;683462;женский;Teviit;Lajevwu;01.03.2002;162-003
Ralph;Higgins;middle;01.03.2002;2261;382909;мужской;Fipsivu;Vozvuzop;01.03.2002;770-001
Scott;Collier;middle;01.03.2002;1467;774580;женский;Ocuzofka;Noemiga;01.03.2002;162-003
Leroy;Barnett;middle;01.03.2002;3311;897487;мужской;Veljatjuw;Orvihik;01.03.2002;780-002
Susie;Hopkins;middle;01.03.2002;1651;330649;мужской;Zakbowuf;Paceli;01.03.2002;770-001
Rebecca;Curtis;middle;01.03.2002;1297;437077;женский;Ucaifanuw;Ipnefe;01.03.2002;162-003
Lura;Townsend;middle;01.03.2002;5236;477167;мужской;Hibehgap;Diheeke;01.03.2002;780-002
Harriett;Osborne;middle;01.03.2002;9745;542084;женский;Uwujead;Jilasun;01.03.2002;780-002
Maud;McCarthy;middle;01.03.2002;7299;812050;женский;Wezzoge;Linuab;01.03.2002;780-002
Albert;Cox;middle;01.03.2002;6081;212273;женский;Uwramob;Zuzhiwjod;01.03.2002;770-001
Esther;Harper;middle;01.03.2002;9392;268660;женский;Cipohsem;Odaronfi;01.03.2002;780-002
Ida;Castillo;middle;01.03.2002;0322;416057;мужской;Monufaha;Ozhoca;01.03.2002;770-001
Linnie;Schmidt;middle;01.03.2002;0185;782512;женский;Zegehcaw;Zobakge;01.03.2002;162-003
Willie;Ross;middle;01.03.2002;4841;388104;женский;Tatocjeb;Minodro;01.03.2002;162-003
Harvey;Riley;middle;01.03.2002;5745;446917;мужской;Owawoda;Govjotewu;01.03.2002;162-003
Samuel;Dawson;middle;01.03.2002;3008;324443;женский;Beazoje;Tebala;01.03.2002;780-002
Rosie;Murphy;middle;01.03.2002;0784;841772;женский;Cisdousu;Epebifu;01.03.2002;780-002
Charlie;Hill;middle;01.03.2002;5210;827635;женский;Buzagne;Latronzoc;01.03.2002;780-002
Leah;Diaz;middle;01.03.2002;7116;308030;женский;Sogrobsen;Cuezibuv;01.03.2002;780-002
Cody;Vargas;middle;01.03.2002;9873;018656;женский;Jaihla;Vepatsej;01.03.2002;770-001
Lena;Hayes;middle;01.03.2002;9730;336566;мужской;Voceva;Nenzobif;01.03.2002;780-002
Terry;Schneider;middle;01.03.2002;9658;445133;мужской;Nivcocdaj;Jecmeni;01.03.2002;162-003
Isabel;Soto;middle;01.03.2002;4608;795958;женский;Mehcoti;Gigefmug;01.03.2002;780-002
Dean;Ferguson;middle;01.03.2002;1728;406202;женский;Mafmola;Oniwopud;01.03.2002;770-001
Marion;Rivera;middle;01.03.2002;7922;964770;мужской;Tofsoki;Luicov;01.03.2002;770-001
Vincent;Mason;middle;01.03.2002;2786;864815;женский;Ruzopzud;Vedakhum;01.03.2002;162-003
Lelia;Simmons;middle;01.03.2002;1895;797070;мужской;Guzjezupo;Kevkeezo;01.03.2002;780-002
Jeremy;Swanson;middle;01.03.2002;5218;906501;женский;Dufovgir;Bicemot;01.03.2002;162-003
Phillip;Fox;middle;01.03.2002;9182;714097;женский;Logumwu;Vudemaelo;01.03.2002;162-003
Derek;Snyder;middle;01.03.2002;1047;537416;мужской;Sovhacbo;Cahegib;01.03.2002;770-001
Landon;McLaughlin;middle;01.03.2002;2669;594223;мужской;Wuzomumu;Vedtehesa;01.03.2002;770-001
Charles;Olson;middle;01.03.2002;6020;588992;женский;Mihuri;Akihulu;01.03.2002;162-003
Myrtie;Fletcher;middle;01.03.2002;3269;027024;мужской;Jaseguh;Ewikfun;01.03.2002;162-003
Leonard;Estrada;middle;01.03.2002;4821;379947;мужской;Pokicat;Medzipbat;01.03.2002;162-003
Amy;Todd;middle;01.03.2002;9221;043173;мужской;Lobalef;Gagbejag;01.03.2002;780-002
Russell;Robbins;middle;01.03.2002;6703;681610;мужской;Gieveam;Wulorud;01.03.2002;162-003
Katherine;Newman;middle;01.03.2002;2699;983488;мужской;Omelewi;Kizrifa;01.03.2002;162-003
Delia;Ferguson;middle;01.03.2002;7509;450831;мужской;Codachip;Jembawa;01.03.2002;770-001
Howard;Barrett;middle;01.03.2002;3076;160105;женский;Selwugzej;Jesobu;01.03.2002;770-001
Hallie;Harrison;middle;01.03.2002;5904;623774;мужской;Leepki;Hedtizhiz;01.03.2002;780-002
Timothy;Garcia;middle;01.03.2002;4750;488081;мужской;Kocanez;Wahicep;01.03.2002;780-002
David;Gregory;middle;01.03.2002;6270;606270;женский;Juusozez;Paztasi;01.03.2002;162-003
Gertrude;Abbott;middle;01.03.2002;0811;666269;женский;Uguwaod;Gimgiek;01.03.2002;770-001
Bertha;Rogers;middle;01.03.2002;4493;988315;женский;Ubuehekuf;Nuhwaew;01.03.2002;162-003
Rena;Rice;middle;01.03.2002;7664;251187;мужской;Cirujsu;Kafawos;01.03.2002;780-002
Randall;Page;middle;01.03.2002;9468;904516;мужской;Vuwevmes;Kadafwo;01.03.2002;780-002
Lucille;Benson;middle;01.03.2002;6476;086147;женский;Egubaalu;Penelu;01.03.2002;162-003
Sallie;Francis;middle;01.03.2002;7751;884730;женский;Fafheuf;Sadjitwa;01.03.2002;770-001
Nina;Bennett;middle;01.03.2002;7872;524684;мужской;Hahakni;Satavje;01.03.2002;770-001
Travis;Ball;middle;01.03.2002;1195;249958;мужской;Jahepre;Tudfoblu;01.03.2002;162-003
Loretta;Flowers;middle;01.03.2002;2693;798162;женский;Fohacac;Cogenujiv;01.03.2002;162-003
Micheal;Park;middle;01.03.2002;0834;876633;женский;Awirilo;Ovoakorum;01.03.2002;770-001
Laura;Fleming;middle;01.03.2002;2397;907336;женский;Fumwupmi;Riwedam;01.03.2002;162-003
Edith;Wells;middle;01.03.2002;0344;668980;женский;Akupulu;Awietopup;01.03.2002;780-002
Dean;Abbott;middle;01.03.2002;5462;592521;мужской;Wihwulna;Piserref;01.03.2002;780-002
Tony;Stone;middle;01.03.2002;2561;732594;женский;Vireva;Gucmuoh;01.03.2002;162-003
Devin;Morales;middle;01.03.2002;6757;316980;женский;Ulahalzop;Fewgenet;01.03.2002;780-002
Billy;King;middle;01.03.2002;8079;475316;женский;Hadwerar;Burpeez;01.03.2002;780-002
Augusta;Owens;middle;01.03.2002;1217;081679;женский;Utitihi;Ehrevfac;01.03.2002;780-002
Samuel;George;middle;01.03.2002;2471;235264;женский;Bonadvik;Ohewirkuh;01.03.2002;780-002
Brent;Walsh;middle;01.03.2002;0043;253008;мужской;Sotohpa;Viupeko;01.03.2002;162-003
Vera;Garner;middle;01.03.2002;6788;489514;женский;Cunezkog;Jupeflos;01.03.2002;162-003
Virgie;Fowler;middle;01.03.2002;5811;352897;мужской;Rekziwoz;Powogele;01.03.2002;770-001
Maud;Bass;middle;01.03.2002;7255;602053;женский;Pawudu;Gehvajo;01.03.2002;770-001
Adam;Brown;middle;01.03.2002;9216;219076;женский;Seipwo;Vofohvoj;01.03.2002;770-001
Austin;Thomas;middle;01.03.2002;1017;890111;женский;Zebtucpod;Piwawaba;01.03.2002;780-002
Minnie;Castillo;middle;01.03.2002;1553;922246;мужской;Davovme;Okotca;01.03.2002;770-001
Martha;Howard;middle;01.03.2002;0718;262532;женский;Lacujis;Ruzsagraf;01.03.2002;780-002
Darrell;Abbott;middle;01.03.2002;7872;480850;женский;Kednarne;Ruplipviz;01.03.2002;162-003
Bernard;Gutierrez;middle;01.03.2002;6897;609617;женский;Wocsuoc;Kizbiguw;01.03.2002;770-001
Fannie;Parsons;middle;01.03.2002;5967;562836;мужской;Cednofhav;Awiijdeg;01.03.2002;780-002
Isabelle;Harper;middle;01.03.2002;4275;523743;мужской;Jijmucu;Widnecri;01.03.2002;770-001
Edwin;Tate;middle;01.03.2002;4191;809715;женский;Mekkeuz;Racecno;01.03.2002;770-001
Virginia;Hall;middle;01.03.2002;4877;385519;женский;Igenitiro;Havnajog;01.03.2002;770-001
Brandon;Fernandez;middle;01.03.2002;5734;393649;женский;Bevasutel;Venibcof;01.03.2002;770-001
Adele;Parsons;middle;01.03.2002;5988;271297;мужской;Fetbajva;Ruwasaw;01.03.2002;770-001
Adrian;Carroll;middle;01.03.2002;2632;589940;женский;Fajevbip;Paapokem;01.03.2002;162-003
Matilda;Guerrero;middle;01.03.2002;2012;525777;женский;Arlioja;Bobfeffob;01.03.2002;770-001
Marvin;Cain;middle;01.03.2002;1113;292370;мужской;Camajaz;Iniuleude;01.03.2002;770-001
Elizabeth;Hughes;middle;01.03.2002;0350;038120;женский;Dacukaji;Femtobna;01.03.2002;780-002
Winnie;Castro;middle;01.03.2002;9634;370470;мужской;Ubufbal;Kadibew;01.03.2002;162-003
Mario;Stewart;middle;01.03.2002;3199;583302;мужской;Elacuvbas;Tozeze;01.03.2002;770-001
Betty;Ballard;middle;01.03.2002;7713;564838;мужской;Sobethi;Jucnore;01.03.2002;162-003
Rosa;Harmon;middle;01.03.2002;8421;762533;мужской;Avotiho;Fenhuasa;01.03.2002;780-002
Maggie;Wilson;middle;01.03.2002;7782;427604;женский;Biobubur;Obuifni;01.03.2002;780-002
Rodney;Allison;middle;01.03.2002;6512;249680;мужской;Lubeghuk;Vepihu;01.03.2002;770-001
Mamie;Houston;middle;01.03.2002;9696;716849;мужской;Ligtofo;Navednef;01.03.2002;780-002
Leonard;Lee;middle;01.03.2002;3877;173846;мужской;Ellulu;Cerausi;01.03.2002;770-001
Don;Romero;middle;01.03.2002;8774;237658;женский;Furhowvo;Suhfuzfud;01.03.2002;780-002
Lilly;Kim;middle;01.03.2002;1089;886764;мужской;Wasulud;Ohudafa;01.03.2002;780-002
Madge;Barnes;middle;01.03.2002;1832;059376;женский;Rotsimto;Igovomop;01.03.2002;770-001
Adrian;Reed;middle;01.03.2002;8625;940923;женский;Urfolar;Gassiat;01.03.2002;780-002
Ethan;Mann;middle;01.03.2002;8879;429351;женский;Vozisben;Jifpuwah;01.03.2002;162-003
Bernard;Cobb;middle;01.03.2002;3095;108919;мужской;Rulole;Sehupumu;01.03.2002;780-002
Jeff;Gomez;middle;01.03.2002;8010;013514;женский;Sarkuder;Kijzoub;01.03.2002;780-002
Ricardo;Roberson;middle;01.03.2002;8020;164794;женский;Loktidbe;Ozaofoug;01.03.2002;162-003
Katharine;Sutton;middle;01.03.2002;0355;053311;мужской;Holijlul;Jokbawfom;01.03.2002;770-001
Lucille;Martinez;middle;01.03.2002;1644;928282;мужской;Lusocme;Purudleg;01.03.2002;780-002
Gertrude;Barnes;middle;01.03.2002;7995;184023;мужской;Viwafeb;Arpoudo;01.03.2002;162-003
Claudia;George;middle;01.03.2002;3371;970947;мужской;Rafcami;Jekakcof;01.03.2002;162-003
Hettie;Howell;middle;01.03.2002;2226;696228;женский;Furujmek;Gawzawi;01.03.2002;162-003
Don;Hubbard;middle;01.03.2002;8468;875562;мужской;Cahkelsub;Givohmot;01.03.2002;162-003
Lilly;Murphy;middle;01.03.2002;6055;828858;женский;Huzzogi;Wekpilser;01.03.2002;162-003
Ollie;Harrington;middle;01.03.2002;4198;212158;женский;Sipipsuh;Hihatonad;01.03.2002;162-003
Olivia;McDonald;middle;01.03.2002;6749;436617;женский;Navfereli;Ebofuzal;01.03.2002;162-003
Garrett;Norman;middle;01.03.2002;9120;388433;мужской;Fazuhjo;Tounofu;01.03.2002;780-002
Essie;Hale;middle;01.03.2002;5027;974620;женский;Vikulo;Razubken;01.03.2002;162-003
Lilly;Silva;middle;01.03.2002;6075;988133;мужской;Boewkab;Bitwedti;01.03.2002;162-003
Daniel;Powell;middle;01.03.2002;8528;748178;женский;Funhedna;Obiekelo;01.03.2002;162-003
Frances;Lewis;middle;01.03.2002;4750;212867;мужской;Uzwano;Ucajigo;01.03.2002;162-003
Keith;Bishop;middle;01.03.2002;9099;784847;мужской;Disvajli;Odsuwu;01.03.2002;162-003
Bernard;Oliver;middle;01.03.2002;0476;305690;мужской;Biibuup;Jetico;01.03.2002;162-003
Vincent;Swanson;middle;01.03.2002;1846;131515;мужской;Mozuguko;Agateku;01.03.2002;780-002
Mabelle;Jefferson;middle;01.03.2002;1909;330513;женский;Cirepti;Coaceha;01.03.2002;162-003
Billy;Alvarado;middle;01.03.2002;6678;428212;женский;Gilcutik;Fivwajupa;01.03.2002;780-002
Clarence;Sparks;middle;01.03.2002;8935;775916;женский;Wodavif;Cojikuaf;01.03.2002;162-003
Catherine;Bailey;middle;01.03.2002;1521;391558;мужской;Todgifo;Zagecap;01.03.2002;780-002
Luke;Wheeler;middle;01.03.2002;2149;797482;женский;Midicduv;Rivakkag;01.03.2002;162-003
Andre;Rhodes;middle;01.03.2002;4268;082520;мужской;Jagekoj;Leileme;01.03.2002;162-003
Jeanette;Patterson;middle;01.03.2002;7556;518542;женский;Jupahof;Tihohcih;01.03.2002;780-002
Nelle;Harrington;middle;01.03.2002;4985;241732;мужской;Forodbi;Dukhisig;01.03.2002;770-001
Dennis;Daniels;middle;01.03.2002;0981;277289;мужской;Tenwuugo;Gegivafe;01.03.2002;162-003
Joseph;Parks;middle;01.03.2002;8364;889462;женский;Ogfeoji;Zabucod;01.03.2002;162-003
Randall;Stokes;middle;01.03.2002;7998;447138;женский;Toktoso;Etagugij;01.03.2002;770-001
Lucas;Doyle;middle;01.03.2002;1493;645165;женский;Pumepaju;Kotkamdi;01.03.2002;780-002
Mamie;Wheeler;middle;01.03.2002;0264;968446;женский;Nakezun;Wovforgab;01.03.2002;162-003
Amy;Arnold;middle;01.03.2002;4479;175901;мужской;Jehikfad;Vuopdu;01.03.2002;162-003
Jerome;Wells;middle;01.03.2002;7442;776878;мужской;Laccirnu;Socosuuvu;01.03.2002;162-003
Bess;Todd;middle;01.03.2002;4908;044705;женский;Hisunbut;Hesago;01.03.2002;770-001
Carolyn;Morrison;middle;01.03.2002;8154;303690;мужской;Difepha;Huawsoc;01.03.2002;780-002
Laura;Sanchez;middle;01.03.2002;5647;144240;женский;Okahojde;Bezobelu;01.03.2002;780-002
Milton;Carroll;middle;01.03.2002;1658;841801;мужской;Tiukitet;Hibdusta;01.03.2002;780-002
Victoria;Berry;middle;01.03.2002;8426;502339;женский;Dezosce;Hupadu;01.03.2002;780-002
Isaac;Powell;middle;01.03.2002;9829;860152;женский;Honaced;Miwacu;01.03.2002;780-002
Francis;Leonard;middle;01.03.2002;7516;093665;мужской;Soufla;Danibe;01.03.2002;780-002
Sally;Owen;middle;01.03.2002;5080;407465;женский;Gizobrer;Vaepza;01.03.2002;770-001
Carolyn;Sims;middle;01.03.2002;2934;972591;мужской;Zeipne;Awemiled;01.03.2002;780-002
Terry;Moody;middle;01.03.2002;3240;203349;мужской;Ewgiwar;Fugekuj;01.03.2002;780-002
Rena;Rogers;middle;01.03.2002;2845;523311;мужской;Tugajka;Adodibiv;01.03.2002;162-003
Willie;Rios;middle;01.03.2002;4067;498018;женский;Fasbimnu;Joshemsog;01.03.2002;770-001
Clayton;Osborne;middle;01.03.2002;9929;446306;мужской;Jivulu;Daselha;01.03.2002;770-001
Inez;Estrada;middle;01.03.2002;2546;506659;мужской;Jakwativ;Welokimig;01.03.2002;162-003
Jackson;Craig;middle;01.03.2002;1319;620143;женский;Vomoloju;Gomulvo;01.03.2002;162-003
Olga;Jones;middle;01.03.2002;8029;318229;мужской;Mijrutpas;Rukfaswo;01.03.2002;770-001
Erik;Little;middle;01.03.2002;9232;556339;мужской;Jatiwim;Bilibij;01.03.2002;162-003
Samuel;Castillo;middle;01.03.2002;8724;316952;женский;Zacoroga;Wejawa;01.03.2002;770-001
Jose;Riley;middle;01.03.2002;2518;300330;женский;Imumapka;Gikwupa;01.03.2002;780-002
Bertie;Kelly;middle;01.03.2002;2274;041665;женский;Favgefge;Ellipal;01.03.2002;162-003
Georgie;Phelps;middle;01.03.2002;6698;307269;мужской;Enrota;Cokjedsip;01.03.2002;780-002
Noah;Lindsey;middle;01.03.2002;0857;017690;мужской;Pibiij;Ofraki;01.03.2002;770-001
Evelyn;Horton;middle;01.03.2002;5065;660985;женский;Iluhjah;Wivpagdo;01.03.2002;162-003
Theodore;Rodriquez;middle;01.03.2002;0425;254935;мужской;Meunacuz;Hevakwo;01.03.2002;770-001
Della;Bishop;middle;01.03.2002;3155;356262;мужской;Jutabguj;Vasfacna;01.03.2002;770-001
Louisa;Briggs;middle;01.03.2002;7087;020103;женский;Hukbugup;Pukircu;01.03.2002;162-003
Esther;Farmer;middle;01.03.2002;1792;807721;мужской;Elfiwvuz;Cubeke;01.03.2002;780-002
Martin;Ortiz;middle;01.03.2002;6056;326603;мужской;Atleji;Olunoro;01.03.2002;770-001
Isaiah;Norman;middle;01.03.2002;4362;640928;мужской;Hemmancuf;Howgotfav;01.03.2002;162-003
Eddie;Copeland;middle;01.03.2002;4215;740818;мужской;Dupisote;Imupilje;01.03.2002;162-003
Claudia;Ingram;middle;01.03.2002;3480;296498;женский;Fommugem;Atusehu;01.03.2002;770-001
Shane;Weaver;middle;01.03.2002;1604;164952;мужской;Rucerwos;Mobotew;01.03.2002;780-002
Carlos;Fowler;middle;01.03.2002;7418;386732;мужской;Buguhne;Bazahco;01.03.2002;770-001
Pauline;Ramirez;middle;01.03.2002;8992;249703;женский;Udaogueg;Lopfiwe;01.03.2002;780-002
Carlos;Briggs;middle;01.03.2002;4697;793034;женский;Efrimhi;Tiotuke;01.03.2002;770-001
Lelia;Fisher;middle;01.03.2002;2253;206123;мужской;Lulehcem;Gevewo;01.03.2002;770-001
Elmer;Thompson;middle;01.03.2002;9707;320955;женский;Paketed;Mimmumic;01.03.2002;162-003
Jordan;Moran;middle;01.03.2002;8356;067837;мужской;Iceamofod;Filpewed;01.03.2002;162-003
Maud;Sparks;middle;01.03.2002;8667;667751;женский;Enevesa;Boplivla;01.03.2002;780-002
